{
 "tag": "full_batch",
 "num_layers": [
  40,
  16,
  10
 ],
 "learning_rate": 0.01,
 "epochs": [
  20,
  40,
  60,
  80,
  100,
  120,
  140,
  160,
  180,
  200
 ],
 "train_loss": [
  6.937567740073722,
  6.218084589722599,
  5.2196528099883155,
  4.48043851187306,
  4.091124488706545,
  3.939298149021887,
  3.877603647458294,
  3.786013709615656,
  3.6251906471464235,
  3.4371221181037037,
  3.2804438885909364,
  3.2072098020950053,
  3.2174358900703166,
  3.233731408226056,
  3.2056493931944794,
  3.136452848180761,
  3.0495850689729656,
  2.966882590690231,
  2.9012345565065507,
  2.8528398394682952,
  2.81099289282259,
  2.7626217582685446,
  2.7016847882423844,
  2.632765132003989,
  2.565720275206552,
  2.508249178757264,
  2.4620133986860866,
  2.4217601859420013,
  2.378735415563545,
  2.328313529887063,
  2.273419665272635,
  2.2209256644151627,
  2.1760880985400926,
  2.139050124805468,
  2.1056489611253824,
  2.0704941750074375,
  2.031665778792415,
  1.9925900056647379,
  1.9566103148869511,
  1.9223284906428584,
  1.8873297084349396,
  1.8526904544654343,
  1.8213826084316234,
  1.7928848697694268,
  1.7633794197032184,
  1.732719894622797,
  1.7042238508635736,
  1.6783192993518408,
  1.6514776360547236,
  1.6219638975062145,
  1.5923136432926341,
  1.5641651588249745,
  1.5359876984663914,
  1.5072847814546255,
  1.479229209967941,
  1.451946663339676,
  1.4249111178268121,
  1.3984268026971232,
  1.372916958227956,
  1.3481298227288623,
  1.3237850739294719,
  1.3002846351471595,
  1.2780727849783144,
  1.2567356276858304,
  1.2356026307673305,
  1.2146731909609576,
  1.1942877796413962,
  1.1745424247252356,
  1.1553606508101932,
  1.1369861485472905,
  1.119150720241535,
  1.1013686792275361,
  1.08395946653462,
  1.0669605966584386,
  1.0501237657143048,
  1.0336909404305057,
  1.0174059679953509,
  1.001368624277456,
  0.985842779255769,
  0.9706368135630612,
  0.9556520290485622,
  0.9408962715923324,
  0.9264196904907199,
  0.9119124294382281,
  0.8976443327709683,
  0.8835796194973262,
  0.8696371482711936,
  0.8561408979022915,
  0.8430552944659435,
  0.8302645310955472,
  0.8176164219293856,
  0.8050999534878962,
  0.7927125801679683,
  0.7805517067214419,
  0.7685674269961247,
  0.7568790360649084,
  0.7454685488950048,
  0.734399397870413,
  0.7236465147374609,
  0.7130545653610301,
  0.7026586164649837,
  0.692495671507457,
  0.6824757239347528,
  0.6725805180322203,
  0.6627828902620874,
  0.6530383867791077,
  0.6434273174250134,
  0.6339559622307557,
  0.624713636465264,
  0.6155825958735147,
  0.6065752548904559,
  0.5976825692431394,
  0.5888215482051802,
  0.5800034851270301,
  0.5712185848041235,
  0.562495916372292,
  0.553784536821236,
  0.5451654774597863,
  0.5366576659621,
  0.5283143474226197,
  0.5202037116355551,
  0.5122578593778633,
  0.5044986248424227,
  0.49689084643479525,
  0.4894455462438548,
  0.48199965034660186,
  0.4746266014419462,
  0.46734453609713883,
  0.46010394670933097,
  0.4529045106509394,
  0.44574145308792895,
  0.43877779545820905,
  0.4321194049197384,
  0.42575864250897577,
  0.41953093974522265,
  0.4130792374141665,
  0.4072152350835347,
  0.4014539826834205,
  0.39547762522121016,
  0.3898354694403549,
  0.38442049875589496,
  0.3787680155076355,
  0.37340559876976875,
  0.36821797353182034,
  0.36283915903828323,
  0.3576815672128103,
  0.35268708923508024,
  0.3477327428867171,
  0.34286783906382434,
  0.33825866239567626,
  0.3336591057981851,
  0.32908543624779246,
  0.3247369190288455,
  0.3205050238464077,
  0.31629970040261685,
  0.31223782097980035,
  0.3085006501276557,
  0.3049660182276469,
  0.30126429052566206,
  0.2978539003713502,
  0.2943695943192451,
  0.2912233306523776,
  0.2880254909335722,
  0.2848586206881844,
  0.2817958560465604,
  0.278745072016098,
  0.27579162875876767,
  0.27270616855974045,
  0.26996875597239145,
  0.2667862155475291,
  0.2641595129386558,
  0.2611131224832674,
  0.2584384408418996,
  0.2555994978931879,
  0.25305196237387756,
  0.2505253051614309,
  0.24801188789302703,
  0.2453464459238049,
  0.24282639653769378,
  0.24064219728656233,
  0.23823821776011372,
  0.23575000079522002,
  0.23381537533260777,
  0.23148513836167456,
  0.22913841226806597,
  0.2269664238487046,
  0.22488319228668197,
  0.22261038420770232,
  0.2205739876926849,
  0.2185816288548526,
  0.2164049785052044,
  0.21437213095772176,
  0.21245686513353476,
  0.21043255945795375,
  0.20842310527785826,
  0.2064143898340029,
  0.20461117847110497,
  0.20277835997606283,
  0.20080496058768202,
  0.1992401667136191
 ],
 "test_loss": [
  2.8418235940303314,
  2.004432461133414,
  1.4978201480152393,
  1.1324082305260421,
  0.8842982476755807,
  0.7255401517329948,
  0.6251429731396372,
  0.5970257418526895,
  0.5844433624525304,
  0.6013650456491533
 ],
 "valid_acc": [
  0.0602,
  0.3002,
  0.571,
  0.7518,
  0.8238,
  0.8684,
  0.8926,
  0.9078,
  0.9116,
  0.9102
 ],
 "train_acc": [
  0.0578,
  0.30135,
  0.56505,
  0.7506,
  0.8288,
  0.8791,
  0.90875,
  0.92785,
  0.94125,
  0.9512
 ],
 "test_acc": [
  0.0478,
  0.2674,
  0.5344,
  0.7052,
  0.7832,
  0.8312,
  0.8602,
  0.8716,
  0.8772,
  0.8832
 ]
}