{
 "tag": "optm",
 "num_layers": [
  40,
  16,
  10
 ],
 "learning_rate": 0.01,
 "epochs": [
  20,
  40,
  60,
  80,
  100,
  120,
  140,
  160,
  180,
  200,
  220,
  240,
  260,
  280,
  300,
  320,
  340,
  360,
  380,
  400,
  420,
  440,
  460,
  480,
  500
 ],
 "train_loss": [
  6.985564134835763,
  5.389542924127875,
  4.397093482827124,
  4.102547587365923,
  3.385074041187415,
  3.313536642936048,
  3.2746913894147798,
  3.2186510407735858,
  3.121186519253272,
  2.9730253058219844,
  2.8533595214735024,
  2.77613206360359,
  2.6505960530199286,
  2.5753294644759417,
  2.4570400533039987,
  2.430212960629373,
  2.390331923094096,
  2.572416723096321,
  2.3027577514693283,
  2.2878137761023813,
  2.1631910117533293,
  2.056812251079679,
  1.9992693901853689,
  1.9116447532467808,
  1.893474588653484,
  1.8929493324362123,
  2.0251018382131716,
  1.9170343982526308,
  1.8328711336920078,
  1.6760814346291317,
  1.6302068388374487,
  1.5942347413324003,
  1.6193285114027676,
  1.6436636764876205,
  1.695799483714136,
  1.590563687916032,
  1.5200048071980252,
  1.456752234953023,
  1.4538069553370323,
  1.4675081324207493,
  1.488873181686763,
  1.5330773656759429,
  1.3728490137140752,
  1.3354680319696155,
  1.2687877931146105,
  1.2573122644348695,
  1.2398211897364837,
  1.263047535512674,
  1.278069424736062,
  1.3044714041579437,
  1.2471344903500805,
  1.2080312501049786,
  1.1493243430767215,
  1.1301481733377436,
  1.116400982167407,
  1.142532254834954,
  1.2037838681797097,
  1.236388004228912,
  1.213576033511212,
  1.1351230662505951,
  1.0928393819743292,
  1.059578095012764,
  1.0707502846371062,
  1.0426168882072584,
  1.0586065089251855,
  1.0177814444335176,
  1.0027508022090403,
  0.9813373238300255,
  0.9764932835298592,
  1.009791652196063,
  1.038549838006072,
  1.048511756531421,
  0.9507633687754503,
  0.9077098315891106,
  0.887884703812178,
  0.9036054958167747,
  0.9378580614439156,
  1.008070713574553,
  0.9817490898489518,
  0.9792665172317837,
  0.917076437833086,
  0.9068764534163761,
  0.8835589453823862,
  0.8536060477904751,
  0.8334383462949276,
  0.8130272823605791,
  0.8022207202848749,
  0.7933741525495411,
  0.7908546518672012,
  0.7948871362054599,
  0.8039388565986213,
  0.839257553560909,
  0.8449871197634814,
  0.9030456495730169,
  0.8346548458320677,
  0.8360015164244177,
  0.8065274252394155,
  0.807821143329617,
  0.7756813052049615,
  0.7631118834831656,
  0.7424505546635422,
  0.7588566419680977,
  0.8107132679537199,
  0.8321275955107781,
  0.8389040379023484,
  0.742281711769976,
  0.7185776709980066,
  0.6895123946902674,
  0.6826581130267045,
  0.6770458713739987,
  0.6745982742773199,
  0.6766769736246117,
  0.6741822289018737,
  0.6778924807188434,
  0.6715823645667316,
  0.6735297383984324,
  0.6697115819571258,
  0.6825397878234007,
  0.6925250038734551,
  0.7301881486815599,
  0.7136364350105693,
  0.7035026471863546,
  0.6608331293947812,
  0.6544173689600237,
  0.632525071144827,
  0.6228309208948443,
  0.6089621664671033,
  0.6043077970818749,
  0.599213985919599,
  0.6034278713948651,
  0.6065566680595474,
  0.6184571424773251,
  0.617558419421158,
  0.6184651248677883,
  0.6183695204971641,
  0.6501570331542025,
  0.6768728363807629,
  0.6520203117826882,
  0.5951276549083581,
  0.5579467048870922,
  0.543746006561029,
  0.5408470327499089,
  0.5485377099124797,
  0.5584244273345677,
  0.5704620263443337,
  0.5629538442050186,
  0.5537023090265547,
  0.5334878510161812,
  0.5317726730717023,
  0.5457185238681513,
  0.5897700149197952,
  0.6519164644691835,
  0.5983342021544932,
  0.5631105758935286,
  0.5112069578047939,
  0.508724052955423,
  0.5132430801018922,
  0.5318842376457737,
  0.5480130017044089,
  0.5461339278707655,
  0.5322252958620725,
  0.5194773728661262,
  0.5255433413357296,
  0.5382063357674606,
  0.5293598931846051,
  0.5147816941712349,
  0.4938387267153549,
  0.48051632009072526,
  0.47479186264237067,
  0.4773290259923383,
  0.4831300244188244,
  0.5025156397369642,
  0.49787394341390045,
  0.5009892855666185,
  0.47781428065139514,
  0.4662106681289057,
  0.47213416180175366,
  0.4782913150150045,
  0.5052242352847012,
  0.49253335719612507,
  0.5047359090796577,
  0.512763593860879,
  0.5442235463138901,
  0.5204345302576138,
  0.47689642724073555,
  0.4470202594919812,
  0.43183425783727436,
  0.43101745182045026,
  0.43106435099579116,
  0.4385582859966748,
  0.4374121801281314,
  0.44113647094935093,
  0.43614645262277574,
  0.4369562875390304,
  0.43846757454092705,
  0.43719805410498264,
  0.4487208862345722,
  0.457189756810953,
  0.5342376549763174,
  0.5270907904107547,
  0.517144638208084,
  0.439009320740835,
  0.4258708718003738,
  0.413051157249849,
  0.40853048536634007,
  0.4022658770853011,
  0.40268889178107287,
  0.4089928610437048,
  0.42246369028278535,
  0.44473536542294717,
  0.4618058311593864,
  0.4736778374259114,
  0.4393524875493337,
  0.4247439622194003,
  0.41194853209064897,
  0.4152736929514158,
  0.4186429650549585,
  0.41131967894016175,
  0.3993235293447126,
  0.381557370015662,
  0.37264541082722846,
  0.36569331348017886,
  0.3655652589299335,
  0.3678566967223166,
  0.3776407653662461,
  0.38993053324647126,
  0.4070923522756136,
  0.42065773528343137,
  0.48162843541705264,
  0.44958060937391087,
  0.43182649100574805,
  0.3800697205368891,
  0.39272701496939066,
  0.420884586165418,
  0.4348221063284309,
  0.4166008948345477,
  0.38197381319698814,
  0.35518771020387513,
  0.3498085186001541,
  0.3463061676253207,
  0.3584240863882078,
  0.38293495781534953,
  0.41250880276895113,
  0.44477245832033063,
  0.4038651131550174,
  0.3774263320045226,
  0.36636166052047664,
  0.3644797714602281,
  0.3655026597548032,
  0.3601031420005906,
  0.3547658746226964,
  0.35092295664637224,
  0.35133083887591465,
  0.3608016326958502,
  0.3703259712915981,
  0.37971508335387133,
  0.37562761268757183,
  0.3913384666336538,
  0.4116129393050185,
  0.44867089339435745,
  0.41469949885531215,
  0.35600281528914623,
  0.323614541268328,
  0.3136251443845903,
  0.31082561139244724,
  0.3134262526988617,
  0.3216494855741555,
  0.33681989466415524,
  0.3546837934466125,
  0.35693161849065946,
  0.35026317229960796,
  0.33749396258607545,
  0.3377961874850196,
  0.3626848358755588,
  0.38517459476312177,
  0.39001638319248927,
  0.3702556124981307,
  0.34441537306006503,
  0.3507705617854278,
  0.34975383377928093,
  0.3580975352933862,
  0.35398506413930375,
  0.35503059105565676,
  0.3550310443421727,
  0.3542571179116306,
  0.3400293916652505,
  0.32622565439191387,
  0.31248512931995476,
  0.30651598884325787,
  0.307584748758955,
  0.31600005999995595,
  0.3339038000892395,
  0.3697166192801238,
  0.38363216391499466,
  0.39497283970849195,
  0.33822164508800984,
  0.3086579796914057,
  0.29498845044459765,
  0.29072203349558007,
  0.29101483743801365,
  0.2960168565540596,
  0.3096006505891175,
  0.33533143771379675,
  0.3738137932755831,
  0.38101291625462763,
  0.3595131913320606,
  0.3187660167609519,
  0.30599960605592097,
  0.30535649122680986,
  0.31290335709452527,
  0.31945528412164587,
  0.3479886965242639,
  0.34737435876611916,
  0.3703568058670614,
  0.3329776032155215,
  0.3070765166511453,
  0.2899749972494656,
  0.2848565288494607,
  0.2877689360816533,
  0.3004834222436562,
  0.30789565831390453,
  0.3157733022129221,
  0.30592652903426515,
  0.2939441632507425,
  0.28379881422953745,
  0.2775593898948603,
  0.2820150552263837,
  0.28799817571893543,
  0.3155337853034161,
  0.34117789713848706,
  0.37518497904636694,
  0.35426983892121655,
  0.34927259399919197,
  0.3236083399933188,
  0.3110116159598789,
  0.28878791205974486,
  0.27103503661980294,
  0.26347128529350283,
  0.26040766958917316,
  0.2610066376308511,
  0.268025593947231,
  0.2793899193182002,
  0.30588107206533427,
  0.3321951244812072,
  0.3673639446510717,
  0.37966559226819774,
  0.33583648158068763,
  0.3315499606989567,
  0.28591963680363,
