{
 "tag": "base_mn_32-2",
 "num_layers": [
  40,
  16,
  10
 ],
 "learning_rate": 0.01,
 "epochs": [
  20,
  40,
  60,
  80,
  100,
  120,
  140,
  160,
  180,
  200,
  220,
  240,
  260,
  280,
  300,
  320,
  340,
  360,
  380,
  400,
  420,
  440,
  460,
  480,
  500
 ],
 "train_loss": [
  3.039451615577974,
  1.8951710137618574,
  1.2999153750643644,
  0.9374822837384312,
  0.7520223767415752,
  0.6479773903340864,
  0.5778130617533741,
  0.5263492991687122,
  0.48326622025983745,
  0.44756545907658185,
  0.4222178053401171,
  0.3990075248709755,
  0.37898596409800867,
  0.36362483574454846,
  0.35137956206193366,
  0.3391524520561736,
  0.33212186845731606,
  0.32178249081307464,
  0.3123640898475654,
  0.3058487821712988,
  0.30053346555410776,
  0.29589766037234666,
  0.2902731371854966,
  0.28744717462034314,
  0.28213800612410717,
  0.27817835050340933,
  0.2748005532288993,
  0.2699111266347954,
  0.26551800452057583,
  0.2610884673804945,
  0.255367564395873,
  0.24998881597364642,
  0.24711416482658174,
  0.2441183727750187,
  0.24104777004754002,
  0.2358840461486443,
  0.23395469497490323,
  0.22988806569898054,
  0.2232540602101369,
  0.21835952093454383,
  0.21737136803648496,
  0.21340049431832556,
  0.21049436881551725,
  0.20571816271338123,
  0.20247788323679444,
  0.19771123835570764,
  0.19212443067630067,
  0.18674855226265277,
  0.1824260453464013,
  0.17892375505644395,
  0.1732821174548741,
  0.1696494177700342,
  0.16334891732001597,
  0.16007092876991094,
  0.1543966324857465,
  0.15133755936990467,
  0.14880882148321656,
  0.1488800021139601,
  0.14441297792384772,
  0.14443381725283372,
  0.14106198897546904,
  0.13904863083613128,
  0.13824938768316017,
  0.13479046427062552,
  0.13105542862047853,
  0.12662564638583176,
  0.12623726901129734,
  0.12014878759197357,
  0.12025296196025656,
  0.1160626523138109,
  0.11546784820728716,
  0.10974669939245926,
  0.10856362378942586,
  0.10426425940626799,
  0.10346745033362321,
  0.09975318496371258,
  0.09640526465911117,
  0.09519077516836352,
  0.09344975998659755,
  0.08990916022304252,
  0.08696083393437831,
  0.08368799300385014,
  0.0820272399554082,
  0.08123266194347523,
  0.07630878728885516,
  0.07683373250273223,
  0.0734400209054724,
  0.07395900082084819,
  0.07130313778892593,
  0.06918041192670057,
  0.06821455336227757,
  0.06495877961973882,
  0.06508605202843344,
  0.06257773033017038,
  0.06307516637307631,
  0.06064011882627416,
  0.058948397311489334,
  0.05911988653613946,
  0.05763609353087569,
  0.05686911889634031,
  0.05504274446575157,
  0.055006875944829975,
  0.05379714200452329,
  0.05274246690281091,
  0.051670122009353614,
  0.049992606128480443,
  0.04732440826957471,
  0.04856668972360044,
  0.04720314960615422,
  0.04725886222093576,
  0.04619747824263655,
  0.045657752405387275,
  0.044512966049713505,
  0.044474484634277514,
  0.042204110768444755,
  0.04236812140084312,
  0.04188988082716105,
  0.04016707222487372,
  0.04036130903014997,
  0.040126493203466146,
  0.03960988635164968,
  0.03863417254145156,
  0.038194322348350684,
  0.03716048045284419,
  0.03731507492681392,
  0.03562126311260532,
  0.03572570836100026,
  0.03504296216892106,
  0.03476707670255947,
  0.03361928161187348,
  0.034678074326719696,
  0.03322476885157401,
  0.0326177751344583,
  0.03311882533322527,
  0.03228623074485654,
  0.03139384724893355,
  0.03133678378250651,
  0.032616979603045486,
  0.030457877784637693,
  0.030323913427576902,
  0.02951975379077535,
  0.02884502737488136,
  0.029083234088954663,
  0.02830330086958169,
  0.02763035911370175,
  0.026509562055821244,
  0.02793449093440873,
  0.02580747303161946,
  0.026962589822730653,
  0.026105681119688445,
  0.025261636135626347,
  0.025365394100771217,
  0.025644287554106866,
  0.024465947334927126,
  0.02451407944153685,
  0.024095505915768117,
  0.02360823684261163,
  0.02337954168023352,
  0.023415752354777285,
  0.022731713119062108,
  0.02185759840606734,
  0.021984440519091198,
  0.02190031850756532,
  0.02171614321939685,
  0.020943107355808663,
  0.020459040859996707,
  0.02073984476112179,
  0.020015408925233867,
  0.019256538072782527,
  0.01951654085560202,
  0.01865163412087286,
  0.018619099668693344,
  0.018646050379128185,
  0.018390161435252794,
  0.01742989910516011,
  0.017645577874450435,
  0.0167989822461467,
  0.017813376430103486,
  0.016738616308166476,
  0.016471748635677564,
  0.016694310466508988,
  0.01599870124883984,
  0.015933334393701513,
  0.015928270919341,
  0.015646978203258895,
  0.015296594003622965,
  0.01518141916899884,
  0.015198451914445257,
  0.014795409414544651,
  0.014728495498890333,
  0.014423326541567128,
  0.014642254040335633,
  0.013910038613390296,
  0.014195297514234638,
  0.013685040977231909,
  0.014019637529524051,
  0.013184237636323867,
  0.01349424280331576,
  0.0129489707399645,
  0.013494759251533605,
  0.012890790025863196,
  0.012813286801649268,
  0.012764168150531854,
  0.012818211861790852,
  0.012489578221459463,
  0.012227735478630517,
  0.012068664068459425,
  0.012093373306279258,
  0.011714453227585728,
  0.011846694892818123,
  0.011866102676743954,
  0.01170047491507903,
  0.011308417337650083,
  0.011435018655622745,
  0.011169685850245827,
  0.011125780542438145,
  0.010837639321795914,
  0.010861763316569179,
  0.010705938680229527,
  0.011102905736826204,
  0.010556595342950465,
  0.010270545136776795,
  0.010222200862893764,
  0.010377243613832247,
  0.010314532376038157,
  0.01014484283979429,
  0.01015322590116165,
  0.009997695992374576,
  0.009881491871653401,
  0.009648324403579368,
  0.009611034626133063,
  0.009775292467122665,
  0.009580737271772524,
  0.00922703947741437,
  0.009445444996084813,
  0.00941939154983672,
  0.009278050485624474,
  0.00901292601303777,
  0.008859422547466892,
  0.00907115959570258,
  0.008702594121907749,
  0.008632558938058416,
  0.008728302579925823,
  0.008572223144807298,
  0.00853912261423614,
  0.008387914198082293,
  0.008252035529291938,
  0.008320456060029197,
  0.008191132727987972,
  0.007967770539137563,
  0.008036573484754403,
  0.007980949772510279,
  0.007926802554480304,
  0.007945412701917244,
  0.007863258955573599,
  0.007808076293543756,
  0.007735724937544184,
  0.007715097137350101,
  0.007467253299363617,
  0.007536634268882947,
  0.007353743928555585,
  0.00741824968763439,
  0.007376889461404513,
  0.007190261559329065,
  0.007244581195014553,
  0.007037496678935999,
  0.0070753665040243635,
  0.006975320711921484,
  0.007065100101549623,
  0.006956818140385142,
  0.006927190027469271,
  0.006864029497742334,
  0.006823026226204144,
  0.006825726694122008,
  0.006657887214320391,
  0.0065942301758762055,
  0.006563800813356399,
  0.006694735405743577,
  0.006391496973370195,
  0.006446462307659204,
  0.006420488872792793,
  0.006373157716175505,
  0.006257196470534909,
  0.006299236084502362,
  0.006306866232881729,
  0.006206118853279695,
  0.006108022464746809,
  0.006149815551144804,
  0.0061194108809508865,
  0.005934001319529181,
  0.006030556628339357,
  0.005925799084061278,
  0.005950017344626942,
  0.005976222637572781,
  0.0057742494182597606,
  0.005819530237737415,
  0.0057164285479471885,
  0.005674648018085954,
  0.005651725491348178,
  0.005626901036483993,
  0.0055706844215498135,
  0.005598847739087186,
  0.005421589710285066,
  0.005432434190920615,
  0.005497785282078677,
  0.005383825588352986,
  0.0053529437382861395,
  0.005219093240797381,
  0.005334423124441094,
  0.005242512295228914,
  0.005255134309538369,
  0.005108168667078861,
  0.0051538435022924385,
  0.005065522843872943,
  0.00508719777052632,
  0.005114093116633644,
  0.005006424353170822,
  0.004925942224556865,
  0.0050123120624912115,
  0.0049207175157355305,
  0.0048570332527565355,
  0.004851256841468252,
  0.00480395889926147,
  0.004748260418761738,
  0.004833245417988193,
  0.0047792317327371185,
  0.004645254173380533,
  0.004645232288283311,
