{
 "tag": "base_mn_64",
 "num_layers": [
  40,
  16,
  10
 ],
 "learning_rate": 0.01,
 "epochs": [
  20,
  40,
  60,
  80,
  100,
  120,
  140,
  160,
  180,
  200,
  220,
  240,
  260,
  280,
  300,
  320,
  340,
  360,
  380,
  400,
  420,
  440,
  460,
  480,
  500
 ],
 "train_loss": [
  3.1354460076195823,
  2.40946758927971,
  1.705936661157771,
  1.4157392211871174,
  1.2463952660001474,
  1.086289934511989,
  0.9352004122639043,
  0.8260820352273013,
  0.7617337834054108,
  0.7185546507822348,
  0.6796402378535559,
  0.6491878455576627,
  0.6225243549487814,
  0.598665773121699,
  0.5749226395094524,
  0.5533087394950733,
  0.5304459290878365,
  0.5100526838409616,
  0.49090963620371153,
  0.4761126152060089,
  0.4605795264445305,
  0.4454360788792452,
  0.4309906062390567,
  0.41877703641732733,
  0.40629526370477537,
  0.39357678916816674,
  0.38289812995945754,
  0.37279046387848624,
  0.36104045121545425,
  0.3518312208848753,
  0.34189352950773844,
  0.33146759621563127,
  0.32110354165807986,
  0.31084998748232817,
  0.300530051393316,
  0.2914239824488809,
  0.2832903900584938,
  0.27521745929275476,
  0.2673864505155909,
  0.2598325027505405,
  0.25362554814284005,
  0.24745806251695468,
  0.2408530194735235,
  0.2345917660937985,
  0.2290290737723942,
  0.22311840310006736,
  0.2185136921438094,
  0.21466989682682602,
  0.2109768228904064,
  0.20607072524450515,
  0.20153836778511824,
  0.19726529468091256,
  0.19366488158555212,
  0.19020829474723977,
  0.1875049463472207,
  0.18365735808475847,
  0.17981883375955607,
  0.17658907164836302,
  0.1745507253263704,
  0.1721121009829141,
  0.16918885985513304,
  0.1662506485925756,
  0.1645871148448278,
  0.16199723804108326,
  0.16010765598478066,
  0.15771958927369417,
  0.1555287484452874,
  0.15387056138907348,
  0.1523315184313421,
  0.15103775350724682,
  0.15062274634112008,
  0.14953070446646916,
  0.1482360273950089,
  0.14760122938299863,
  0.14723981927550406,
  0.1463576822555186,
  0.14537696576833747,
  0.1449252671107255,
  0.14377039575021866,
  0.1436313511978125,
  0.1420067671738881,
  0.1408523931425878,
  0.13985491973052677,
  0.13809279054861995,
  0.13666597790410706,
  0.13616286280296616,
  0.13452553623524205,
  0.1345335468362738,
  0.13318916901126537,
  0.1330164629765314,
  0.1328296039544415,
  0.13174005753322932,
  0.13144941276107683,
  0.13098679783640027,
  0.12948703460207872,
  0.12974459785850465,
  0.12825670460844027,
  0.12726056734182178,
  0.12627351782667962,
  0.12617606893966798,
  0.12456777688765074,
  0.12336102932643928,
  0.12348676746144682,
  0.1226431542985168,
  0.12164994209121481,
  0.12087367236053576,
  0.11956829987611012,
  0.11823384470756657,
  0.11718367341940672,
  0.1163149146286309,
  0.11480982543268654,
  0.11439512381693182,
  0.11370034801879554,
  0.11199710983849215,
  0.11159546280522359,
  0.1103075585753868,
  0.10967465231340659,
  0.10924144875086653,
  0.10803043471664273,
  0.10671730830750203,
  0.10632562360411596,
  0.10576960183955833,
  0.10490568550400059,
  0.10406685474271764,
  0.10456904357411394,
  0.1024789263200912,
  0.10326006003624863,
  0.10199526601268816,
  0.10130853944315121,
  0.10208045781394562,
  0.10033570299058323,
  0.09915978326594918,
  0.09963534831429186,
  0.0984183736392158,
  0.0985964262785172,
  0.09841280332846078,
  0.0969038594407459,
  0.09715058635668447,
  0.09767218237965156,
  0.09580889725094663,
  0.09581061457313045,
  0.09548547955006853,
  0.09417828066939438,
  0.09452879674330428,
  0.09344897518051477,
  0.09251590776825508,
  0.09248338872350434,
  0.09164537333513338,
  0.09069279635395072,
  0.08989802329542625,
  0.08992818274613787,
  0.08886538474426409,
  0.08767976602212582,
  0.08636747201059129,
  0.08671080655300892,
  0.08636405652136667,
  0.0847459858775462,
  0.08495054025132179,
  0.08428327591872381,
  0.08440769695624056,
  0.08268385999708973,
  0.08263321661551726,
  0.08214063579745204,
  0.08177816500610714,
  0.08153219179655835,
  0.08008688214700267,
  0.07926667055602508,
  0.0800594111562972,
  0.07853518273322534,
  0.07788786432723457,
  0.078931596087498,
  0.0761918595192487,
  0.07586089077410794,
  0.07658221954208469,
  0.074827248858791,
  0.07535190641175006,
  0.0744797904787963,
  0.07195630940395656,
  0.07103566297884792,
  0.07138465314046713,
  0.0696526041040777,
  0.06884316624658038,
  0.06786992220603144,
  0.06881643506753238,
  0.06650097240617804,
  0.0671121023989662,
  0.06431508776191606,
  0.06406832249912453,
  0.06377240715357033,
  0.06368542513648642,
  0.061190313622161915,
  0.060609987580296135,
  0.06126702877175778,
  0.06035010912174106,
  0.05748285622593985,
  0.05821471224621727,
  0.05603323743782565,
  0.05548724393780927,
  0.05552969328324404,
  0.05505840274843371,
  0.052082476050890766,
  0.053645585367043974,
  0.05159786798797031,
  0.05232317448585111,
  0.05127051823664191,
  0.04923592308752318,
  0.050365164071332486,
  0.049624830331490385,
  0.047386778099485806,
  0.048505883189705785,
  0.04758369956213898,
  0.045695457696079356,
  0.04643709954861921,
  0.04577956816202197,
  0.044695865024951716,
  0.04285150859343932,
  0.04403475772096803,
  0.042911305877721614,
  0.04067025680570577,
  0.041275609516181255,
  0.03997508168301987,
  0.04079799874740077,
  0.03981924139507578,
  0.03973882155908079,
  0.03896441923811604,
  0.0378080139451689,
  0.03860043510270095,
  0.03773111758259387,
  0.03682334405356978,
  0.03735820972279821,
  0.03666924382897357,
  0.036466528431778805,
  0.0349499459728438,
  0.036088957883490896,
  0.03547409139066836,
  0.033889206693880666,
  0.034866117601975916,
  0.03301205285495862,
  0.034310807954996476,
  0.033555765788079214,
  0.032183264837566165,
  0.03279411802638833,
  0.031794620302853564,
  0.03082711141204704,
  0.03170808956229074,
  0.029917774702363592,
  0.031014889784629095,
  0.030661107108870697,
  0.029874168503974483,
  0.0285050494751868,
  0.029772659066980626,
  0.028942253807537777,
  0.02778254495109832,
  0.028590391055425345,
  0.027872113724026624,
  0.02679718911622909,
  0.02757255940735875,
  0.02597261702329262,
  0.026959675130919285,
  0.02625178709689947,
  0.02518787086934353,
  0.02594377071809495,
  0.02571432001158429,
  0.024248166134342823,
  0.02476850657325134,
  0.02465882004756892,
  0.023457767677557355,
  0.024204861857744557,
  0.02265076862508778,
  0.023184694793027004,
  0.02360121265411365,
  0.02299980436170034,
  0.021494569780116053,
  0.02230503829931257,
  0.02208005576616094,
  0.02076714627580486,
  0.021375920064842967,
  0.021236851997453864,
  0.020024353131870773,
  0.02072600865027996,
  0.01988243475752233,
  0.020187812278168092,
  0.02035151095452079,
  0.01987321327870086,
  0.018848980961670408,
  0.019490417939759325,
  0.01920937610311632,
  0.018040282466888328,
  0.01873461022016687,
  0.017836286040754958,
  0.01841118181514126,
  0.018072100182674185,
  0.017200748934902477,
  0.01780043938702966,
  0.01693875208425863,
  0.017352621255709067,
  0.01730420531962272,
  0.017169296768636363,
  0.01632722470123207,
  0.01669756214546389,
  0.016617131241861424,
  0.015687406311331423,
  0.016398646045778974,
  0.015608535139025154,
  0.015976012434794518,
  0.01594487486597398,
  0.014920731444249755,
  0.01568854497997651,
  0.01555469557705701,
  0.014561634316325633,
  0.015196876363647211,
  0.014389845830368914,
  0.015035171160252834,
  0.014763710484220718,
  0.014030906213892755,
  0.014476866218400955,
  0.014387159303953104,
  0.013550886426241075,
  0.014292813552794284,
  0.013806111836590678,
  0.013397038286456383,
  0.013355383388497403,
  0.014008405846133937,
  0.013204417715731404,
  0.013148714846890378,
  0.013604956950027842,
  0.012967971132382745,
  0.012940901307871809,
  0.013287004252658743,
  0.012617735683749666,
  0.013213082526229655,
  0.012286919227775077,
  0.012807728941675877,
  0.012196385234666587,
  0.012560852637771926,
