{
 "tag": "reg_l2",
 "num_layers": [
  40,
  16,
  10
 ],
 "learning_rate": 0.01,
 "epochs": [
  20,
  40,
  60,
  80,
  100,
  120,
  140,
  160,
  180,
  200,
  220,
  240,
  260,
  280,
  300
 ],
 "train_loss": [
  3.156313689151361,
  2.454965067042908,
  1.7923755464073199,
  1.3655485538368928,
  1.1707277320013403,
  1.0668080121909205,
  1.0125748825731598,
  0.9822868754433218,
  0.9618206992093035,
  0.9538178604500591,
  0.9506058790159533,
  0.9521022488632991,
  0.9589808875488914,
  0.9717777087279152,
  0.9887486697304146,
  1.0108311422358394,
  1.0369341042332196,
  1.0650525378616527,
  1.0978252914102644,
  1.1302404848372918,
  1.1661353367445404,
  1.2044343952020506,
  1.2442652341846476,
  1.2870677915108475,
  1.3322630779393885,
  1.3797548953713052,
  1.429163916899725,
  1.4807761627916602,
  1.5343244352875958,
  1.5895341976354742,
  1.6456065050574125,
  1.7032626161330564,
  1.7612129255811397,
  1.8205417624952172,
  1.8811909327400684,
  1.9444491442566743,
  2.007981532428646,
  2.072439484091597,
  2.1373434454482445,
  2.203512547427963,
  2.2715757727216492,
  2.3402923978773473,
  2.4114987102927476,
  2.4859068536056315,
  2.559785566189038,
  2.636154795312657,
  2.7115522334861146,
  2.7883589836967286,
  2.8694028459996725,
  2.950027757542431,
  3.0313465602046255,
  3.1144489245270184,
  3.2002230337313486,
  3.2875658102182745,
  3.3754190660454473,
  3.46404178012726,
  3.5551455082981906,
  3.6464878573542725,
  3.7397538555464185,
  3.8314273026242667,
  3.9266135438366567,
  4.022365838241853,
  4.119853225227245,
  4.218490795480344,
  4.31834762509058,
  4.419392855387563,
  4.519097507259541,
  4.6212751992491565,
  4.724101585574563,
  4.827751099481708,
  4.93365766250648,
  5.042330313335871,
  5.150152225046927,
  5.260492164518108,
  5.370918225080066,
  5.4830239989897045,
  5.596337623052303,
  5.708501951557165,
  5.823131457273712,
  5.93868457377663,
  6.056523724597812,
  6.173942581858186,
  6.294582584379727,
  6.414717123221552,
  6.53499944348045,
  6.658044477528654,
  6.781112025391196,
  6.9044996684428375,
  7.029187895445054,
  7.154703654185852,
  7.280305889687272,
  7.407340846010447,
  7.5360212124177846,
  7.665274850487873,
  7.796367838197384,
  7.928157681829693,
  8.061756906342792,
  8.196324333430086,
  8.3309970064835,
  8.467938201774462,
  8.605560997192581,
  8.743358200518239,
  8.884077173887311,
  9.023126555127046,
  9.164442987946908,
  9.308535962510076,
  9.452809464909224,
  9.598854878373361,
  9.742382359982297,
  9.890205941091658,
  10.036366808201997,
  10.184606379677533,
  10.33280052397012,
  10.483591626783767,
  10.634585061501712,
  10.785783421794871,
  10.936918241443953,
  11.088850941130808,
  11.243398237873414,
  11.397000710819002,
  11.551974626221586,
  11.709015330547874,
  11.863392089387279,
  12.021336190491866,
  12.179975594783503,
  12.33878888248309,
  12.496319121771107,
  12.657020757031962,
  12.816076304550753,
  12.978826960234937,
  13.141764650508417,
  13.304246404620551,
  13.468146298025507,
  13.631123638926532,
  13.797219265795121,
  13.962311822276764,
  14.129366949303177,
  14.295107072792716,
  14.462199052782136,
  14.631017630027072,
  14.799048717060298,
  14.968984247705123,
  15.139267728825146,
  15.310410095599446,
  15.481280427894964,
  15.652224010797209,
  15.824528791910605,
  15.998144786889016,
  16.170745126033747,
  16.34479059060292,
  16.51965047620989,
  16.694162049037285,
  16.86874972233345,
  17.04587111189745,
  17.22119349986946,
  17.398557458923367,
  17.575341055800195,
  17.752804003997497,
  17.930587134671484,
  18.108004293784735,
  18.28717774096021,
  18.466408287273495,
  18.64540622145655,
  18.824991622966934,
  19.004320150035067,
  19.185035594506424,
  19.365679809968857,
  19.54503865780777,
  19.7255448226925,
  19.907251914384847,
  20.088516329959717,
  20.26988891286216,
  20.45059489999019,
  20.63291554981674,
  20.814923060791102,
  20.996203141637398,
  21.17837212196545,
  21.3603716215507,
  21.54147761232026,
  21.723871611284572,
  21.907493561842497,
  22.088586711753262,
  22.271199153659648,
  22.45255834579034,
  22.635287935553972,
  22.81813329860824,
  22.999943306859585,
  23.18196544827881,
  23.363875214227797,
  23.545978885494783,
  23.728090449258904,
  23.910480415613243,
  24.091650474486435,
  24.273553131902396,
  24.45484075611225,
  24.637120617837525,
  24.81708873882713,
  24.999275913810674,
  25.179940396411347,
  25.360680967219096,
  25.541341964612855,
  25.721507141021295,
  25.90129201559421,
  26.08220847951546,
  26.261367448916047,
  26.44023444559312,
  26.619788677535496,
  26.79822076181446,
  26.977646113661084,
  27.155001815383187,
  27.333858599305405,
  27.510588118018436,
  27.68854592611317,
  27.866130962053962,
  28.04257034451964,
  28.21904650935616,
  28.39491719313908,
  28.570714312100456,
  28.746001504806056,
  28.920952649365653,
  29.09612445792496,
  29.270116505235155,
  29.443043652289386,
  29.61726779911594,
  29.78983586414779,
  29.96294600574579,
  30.13527686257445,
  30.306840230938402,
  30.478968911942,
  30.64923175381533,
  30.820624929390902,
  30.990415137749544,
  31.160210096954522,
  31.329258964413924,
  31.49817457899197,
  31.666312343492915,
  31.835011072065218,
  32.00210290848133,
  32.16914647218736,
  32.33570079277147,
  32.50175844015265,
  32.66759382688739,
  32.83234629614786,
  32.99668547861113,
  33.160832474832276,
  33.324354063358456,
  33.48771535797085,
  33.650336133542716,
  33.8118061124122,
  33.973252563508986,
  34.134070414013166,
  34.2950373924005,
  34.454723752626435,
  34.613939536932996,
  34.77271614727163,
  34.930708303689336,
  35.08884607778082,
  35.24572549203072,
  35.40233626952913,
  35.55890566817146,
  35.71349148230386,
  35.8688464434677,
  36.023427355012394,
  36.17701448173885,
  36.33055248887309,
  36.48364098074726,
  36.635642891342584,
  36.787446521512884,
  36.9382459746517,
  37.088857884692594,
  37.23866399088066,
  37.3878239681856,
  37.53652682581738,
  37.684561009773354,
  37.832010441224,
  37.979321983473525,
  38.12562273448265,
  38.271315072778826,
  38.415982734651365,
  38.5604557810983,
  38.704610057708436,
  38.847529080779566,
  38.990159768403245,
  39.132186345494986,
  39.273615131593395,
  39.41396143059977,
  39.554655931351945,
  39.69400280775279,
  39.83304499802579,
  39.97137739505381,
  40.108853836833575,
  40.24622370216465,
  40.38249278514043,
  40.5184253174075,
  40.65347316333632,
  40.78796873954539,
  40.92188212284283,
  41.05504462144784,
  41.18783397910934,
  41.319992359190856
 ],
 "test_loss": [
  0.6715620402060936,
  0.49762015260970993,
  0.4404636141510599,
  0.4242517950207394,
  0.43196788152852694,
  0.4505457707865399,
  0.47837933058902377,
  0.5094128237427558,
  0.5435491882878072,
  0.5773177920611262,
  0.6115850227370188,
  0.6438693702496252,
  0.6742854776581073,
  0.7025636901065058,
  0.727445214995456
 ],
 "valid_acc": [
  0.8672,
  0.9056,
  0.919,
  0.9246,
  0.9286,
  0.9296,
  0.9314,
  0.9302,
  0.9312,
  0.9316,
  0.9328,
  0.9328,
  0.9328,
  0.9332,
  0.9336
 ],
 "train_acc": [
  0.8728,
  0.92085,
  0.9427,
  0.9576,
  0.96775,
  0.9744,
  0.98165,
  0.98645,
  0.9899,
  0.9936,
  0.9957,
  0.9971,
  0.9981,
  0.9987,
  0.9991
 ],
 "test_acc": [
  0.8324,
  0.8812,
  0.8936,
  0.9002,
  0.9048,
  0.9062,
  0.9082,
  0.9102,
  0.911,
  0.911,
  0.9114,
  0.9106,
  0.91,
  0.9096,
  0.9104
 ]
}