{
 "tag": "optm",
 "num_layers": [
  40,
  16,
  10
 ],
 "learning_rate": 0.01,
 "epochs": [
  20,
  40,
  60,
  80,
  100,
  120,
  140,
  160,
  180,
  200,
  220,
  240,
  260,
  280,
  300,
  320,
  340,
  360,
  380,
  400,
  420,
  440,
  460,
  480,
  500
 ],
 "train_loss": [
  3.2429256813698264,
  2.8969668814807408,
  2.5352413738711466,
  2.0534261096228112,
  1.5509776978075729,
  1.194129603280214,
  1.0158735051761505,
  0.9226204502331634,
  0.8592198475735581,
  0.8068826462739704,
  0.7578601227429493,
  0.7098423436169481,
  0.6651842649057095,
  0.6242515406177445,
  0.5911126117468019,
  0.5628404079185161,
  0.5361344288685852,
  0.5064269575349402,
  0.4786051743837964,
  0.4526067363947402,
  0.42956997027541133,
  0.40739506767133715,
  0.3873333106793352,
  0.3688598830670726,
  0.35396083376998666,
  0.34120410452179145,
  0.3285893886314742,
  0.31710073284734064,
  0.305379595868017,
  0.2946390645151882,
  0.28541338763389446,
  0.2775448134567663,
  0.27065302475766084,
  0.2638741206189651,
  0.2575345561773079,
  0.25150807577706064,
  0.24622434595594445,
  0.24093720828172693,
  0.23584125871242556,
  0.22979179103334116,
  0.22477651818479594,
  0.2204011219537247,
  0.21572818688056825,
  0.21176193139152838,
  0.2069367526049562,
  0.20230801647193258,
  0.1988400181738792,
  0.19524386901490787,
  0.19200710717450242,
  0.18928849214986934,
  0.18682831746582548,
  0.18343671303472073,
  0.18095737347005886,
  0.17732079826459346,
  0.17445870278514064,
  0.17160726237878599,
  0.16905501504237636,
  0.16686906751810326,
  0.16430515083410635,
  0.16184703318278662,
  0.16048110777602873,
  0.15789604894091713,
  0.1561644564512135,
  0.15388003161716737,
  0.1521473116596218,
  0.15066642581964224,
  0.15027712181648933,
  0.1491828363061205,
  0.14785670899104889,
  0.14735440951173978,
  0.1451337132534874,
  0.14432458654552255,
  0.14291260143056167,
  0.1417476095594915,
  0.14006191804444984,
  0.13902760569774003,
  0.13787330431142752,
  0.13719201249404564,
  0.1363988462548599,
  0.13537742253026364,
  0.13476909280317234,
  0.13408957693712698,
  0.13315914113429111,
  0.13187949602363871,
  0.13076709853870505,
  0.12977767094699397,
  0.12929842861879418,
  0.12868012693118103,
  0.12884158734492268,
  0.12709215596797285,
  0.127155162783501,
  0.1272878907527606,
  0.12612368083701359,
  0.12615903699790643,
  0.12533610163173572,
  0.12515311418355343,
  0.12445867041985426,
  0.12357251545912082,
  0.12295436094384912,
  0.12310116114563116,
  0.12261134864487613,
  0.12179657131299447,
  0.12135535180522405,
  0.12075824944444562,
  0.1205775182986294,
  0.11956889573988627,
  0.11868081902174235,
  0.11766673385452964,
  0.11672730516357918,
  0.11653124176557375,
  0.1159816066261433,
  0.11515201859630164,
  0.11420785656855631,
  0.11363831634348326,
  0.1132471243482388,
  0.11271546898657528,
  0.1113205759950852,
  0.11208719146540687,
  0.10974298346636313,
  0.10896476796755539,
  0.11083008701138602,
  0.10886384409826864,
  0.10789700522831155,
  0.10826404293073476,
  0.10731177990167381,
  0.10570860411894926,
  0.10740910499382939,
  0.10594869357373482,
  0.10575451744638537,
  0.1046897510593324,
  0.10400355938828937,
  0.10307086048044307,
  0.10355547780302485,
  0.10130292668215334,
  0.100833930800869,
  0.1002295172217716,
  0.09827293062913509,
  0.09826276756426433,
  0.09742720842766868,
  0.09837224120631088,
  0.09687740061908322,
  0.09566198595589945,
  0.095353073230967,
  0.09537016405667423,
  0.09337341881646853,
  0.0935280680356425,
  0.09192624315899815,
  0.09231112352610832,
  0.09059272828561078,
  0.09046406618040774,
  0.08954547421902292,
  0.0881617521214291,
  0.08704914223117245,
  0.08558380428038098,
  0.08551742310561203,
  0.08527239577720896,
  0.08398527475058579,
  0.08273312451402362,
  0.0819164031649923,
  0.08087287520717554,
  0.08031449831642117,
  0.0796679642185936,
  0.07916099842820955,
  0.07742733244882208,
  0.07702088966296235,
  0.07620529215283817,
  0.07493113001332544,
  0.07435806532126674,
  0.07362123742114376,
  0.07234418289488845,
  0.07164048347456203,
  0.07037957293825492,
  0.07065709488723565,
  0.06930673843653334,
  0.06843409920486405,
  0.06774310512854562,
  0.06653162840997774,
  0.06544649083712048,
  0.06525182868203225,
  0.06418094142876005,
  0.06381828975760327,
  0.0631438279331458,
  0.06178730835137415,
  0.06145863270018746,
  0.06095229394518769,
  0.05916890599503923,
  0.0588100040512507,
  0.05855293931623615,
  0.05764887414475607,
  0.05703609894134043,
  0.056157379026181134,
  0.055099010275241264,
  0.05612487175618337,
  0.05300794075769181,
  0.05422206229252198,
  0.051921293903673435,
  0.051681556689714234,
  0.051484053536493914,
  0.05005403349186803,
  0.05040092616219561,
  0.049655021951972814,
  0.04860621143835985,
  0.048125662925392124,
  0.04771131627518474,
  0.046667287256776685,
  0.046488290263240084,
  0.0451465127059986,
  0.045586678159245164,
  0.04472584585654,
  0.04276585471702417,
  0.04337928804854639,
  0.04280524456195731,
  0.041915353238377154,
  0.04149818497889342,
  0.040595973730667353,
  0.04044582424126993,
  0.03969174817825989,
  0.03947510777075915,
  0.03842004752285133,
  0.03844900698760448,
  0.03771307796594648,
  0.03751358073750972,
  0.036946095175613924,
  0.036357525783688824,
  0.035889451744397,
  0.0355382033018755,
  0.035575436938754174,
  0.03546822125852789,
  0.034148087045762957,
  0.03422455848266176,
  0.033658898602851636,
  0.033620672265584114,
  0.032151620408611054,
  0.0322024883082597,
  0.03130405196657638,
  0.03144905518749035,
  0.030691279255908484,
  0.030590794871854197,
  0.03059860045126972,
  0.0297053657824733,
  0.029521138668543237,
  0.029322673605743824,
  0.029489225414283306,
  0.02807846725424242,
  0.02817178644178107,
  0.02748572730524383,
  0.028284032426849064,
  0.027146636264675644,
  0.026776872324631135,
  0.026345176059143847,
  0.025567794476775874,
  0.02601422309023599,
  0.025782566266567882,
  0.02541316529620751,
  0.024875252964939514,
  0.02505928822519201,
  0.023982535031945248,
  0.024187434375288686,
  0.023958883027888865,
  0.023435816424511903,
  0.023141948945735468,
  0.023266697633955405,
  0.022531499605875166,
  0.022055596878467084,
  0.021967043308457376,
  0.02139823202342677,
  0.021921244985336274,
  0.021655809312640485,
  0.020959974559649246,
  0.021086599335784315,
  0.020760134623498995,
  0.0205572559533666,
  0.020355246525233135,
  0.020195240499032232,
  0.020050453652166254,
  0.019711602100942575,
  0.019360159458113816,
  0.019452668227518545,
  0.018718455954371178,
  0.018916242401651753,
  0.01853673984673975,
  0.01885902814643184,
  0.018181602844875414,
  0.01781477851223698,
  0.017973207787004345,
  0.01724812421866067,
  0.01751190191456071,
  0.01745779894674111,
  0.016786471676919296,
  0.016789864379596786,
  0.016481705121474267,
  0.01670898882649118,
  0.016320306016145668,
  0.016269357575980754,
  0.016095645652728637,
  0.015737386264070743,
  0.015972042751329695,
  0.015449491353284937,
  0.015304498943410483,
  0.015267516103873443,
  0.015297186977820705,
  0.014886267202850622,
  0.014977519520468162,
  0.014338281381843216,
  0.014424121643768129,
  0.014120525719668124,
  0.014018431796016992,
  0.013928583319379484,
  0.013805789837383724,
  0.013591582228674787,
  0.013537834774728322,
  0.013304903602262675,
  0.013520958943913306,
  0.013041290099616205,
  0.013021300911394529,
  0.012746363930107706,
  0.012777049744727188,
  0.012680695675739758,
  0.012305764722205414,
  0.012312734790383733,
  0.012612041342218524,
  0.012120746922878541,
  0.012110486197594963,
  0.011929754504931198,
  0.012110990912694802,
  0.011735814129744757,
  0.011553308841145112,
  0.011447028650445286,
  0.011363092277166075,
  0.011170549142650971,
  0.011154896897739637,
  0.011124115002878392,
  0.010872626250959524,
  0.011030771994713098,
