{
 "tag": "reg_l2",
 "num_layers": [
  40,
  16,
  10
 ],
 "learning_rate": 0.01,
 "epochs": [
  20,
  40,
  60,
  80,
  100,
  120,
  140,
  160,
  180,
  200,
  220,
  240,
  260,
  280,
  300
 ],
 "train_loss": [
  3.212719007327468,
  2.586600050358058,
  1.8145584796222738,
  1.4839915958910972,
  1.285196793788456,
  1.1195970631522985,
  0.988603433851225,
  0.8885890831843324,
  0.8145903259601238,
  0.7573714735914592,
  0.7137585880684957,
  0.6806314895343889,
  0.6510772076210809,
  0.6269428541275012,
  0.6075739301857914,
  0.591657498440268,
  0.5786629517214561,
  0.5665602079657357,
  0.5564817874502884,
  0.5502684915494215,
  0.5415057212367737,
  0.5299877921878053,
  0.5172706350291096,
  0.5078948041322707,
  0.4998600094780822,
  0.49242484643384254,
  0.481995802832035,
  0.47448397151576693,
  0.46657317155338784,
  0.459358200930668,
  0.453491995286887,
  0.44998457272866815,
  0.4453430979672743,
  0.4426834541255585,
  0.4379567997399657,
  0.4363699145148888,
  0.4342685841044478,
  0.4316728746058037,
  0.4295414934732131,
  0.4285757071737547,
  0.4277807264346349,
  0.4283931045703623,
  0.4286192255888208,
  0.4302564025232916,
  0.4298320491268771,
  0.4328128806593633,
  0.434937117677491,
  0.4366573934294537,
  0.4383881876585515,
  0.4417140478993999,
  0.4445076038431944,
  0.44865882449348254,
  0.45137450263990464,
  0.4546029790478904,
  0.45794731813713185,
  0.4608362262928926,
  0.46454514228035226,
  0.46818646020010857,
  0.4735522070488376,
  0.47836391384010146,
  0.48356395957299875,
  0.4894144530941258,
  0.49500743403686953,
  0.5014033899248953,
  0.5069796276790455,
  0.5133676827681698,
  0.5197805262382951,
  0.5273119371713725,
  0.5337521168317142,
  0.5412418647559643,
  0.5488129737724916,
  0.5558105376465321,
  0.564310929587499,
  0.5730904125700386,
  0.5814153747011512,
  0.5899990022053552,
  0.5986549216201632,
  0.6074150941928942,
  0.6157463909091814,
  0.6250879604505741,
  0.6339865899903916,
  0.6431306179515769,
  0.6524881212756933,
  0.6614971158975845,
  0.6702545846763341,
  0.6801558104947034,
  0.6902952797520115,
  0.7000532671539839,
  0.7107024201954238,
  0.7203224227581847,
  0.7309878444040222,
  0.7424073234276775,
  0.7526760902367562,
  0.7629982613377015,
  0.7743306186605728,
  0.7848433935721211,
  0.7959234305277372,
  0.8066007956218841,
  0.8178970881019366,
  0.8287162268677573,
  0.840028662968178,
  0.8508664794489023,
  0.862251463044578,
  0.8743378398471147,
  0.88589321973053,
  0.8976789515632234,
  0.910366792872748,
  0.9219981657811342,
  0.9345782256439502,
  0.9469746834308519,
  0.9601183196191959,
  0.971968127273092,
  0.9846560506943605,
  0.997494434277003,
  1.0109626991036975,
  1.023328034624336,
  1.036602675269793,
  1.049890222765152,
  1.0633301569544393,
  1.0768503823477236,
  1.0908344687114937,
  1.103540637075489,
  1.117691262442365,
  1.1313738836169946,
  1.1451823125319125,
  1.1595523108711765,
  1.1732072988545872,
  1.1876610428481538,
  1.202112433018343,
  1.2160885814708546,
  1.2299712819205684,
  1.2452684507175622,
  1.2587999144165434,
  1.2741853061283592,
  1.2883310363636202,
  1.3044465420011675,
  1.3189333582423457,
  1.3339174129133524,
  1.3481398822296937,
  1.3629238098301426,
  1.3785834333337998,
  1.3930762060552255,
  1.4093437900059755,
  1.4250125820509343,
  1.440144491567996,
  1.4558547877451347,
  1.4713738150262308,
  1.485917345769488,
  1.5026854353167052,
  1.5175544977061184,
  1.5344120420312013,
  1.5501994843959939,
  1.565098190993354,
  1.5813874821276448,
  1.5980041835768362,
  1.6133441622948048,
  1.63010537289056,
  1.645520442071525,
  1.661963857882726,
  1.6780661955721532,
  1.6956257086293094,
  1.7111814541922228,
  1.7282854252213342,
  1.7451340983944847,
  1.7606473841151205,
  1.7782492630957372,
  1.7946591060515378,
  1.8113335159022723,
  1.8279740223557046,
  1.8441183262742442,
  1.8618294979970762,
  1.8774291009381838,
  1.8957642649655346,
  1.9116863215777384,
  1.9297207450474063,
  1.9467951352849084,
  1.962821611425117,
  1.9810881709345092,
  1.9977974788416235,
  2.015352397180129,
  2.031824318060407,
  2.049489614973486,
  2.0671554170526365,
  2.083969840828572,
  2.1013356536046266,
  2.1190816965055697,
  2.136940333057793,
  2.154012850215763,
  2.172087980392883,
  2.1892931123569985,
  2.206125517039227,
  2.2245862304992277,
  2.2417569112511297,
  2.259387913837742,
  2.2769033204452724,
  2.294515909226038,
  2.3125452730430616,
  2.3301186375911285,
  2.34755872213343,
  2.3650717752246173,
  2.3828686267470314,
  2.40070911941954,
  2.4182779104375047,
  2.4357688396012396,
  2.4538807853271254,
  2.4712713004849407,
  2.4892492414375047,
  2.506909700180358,
  2.5252566297372123,
  2.542526993567417,
  2.5599136726104756,
  2.5779453755317903,
  2.595485058240229,
  2.613199836491864,
  2.6320165566567484,
  2.6488956651771027,
  2.667051779603218,
  2.684244934537289,
  2.702544793483532,
  2.719816649393891,
  2.7379518025819154,
  2.7555192563755355,
  2.77243934410548,
  2.7904159231391112,
  2.8083474085367266,
  2.8262534879576418,
  2.8439195047829644,
  2.8605968744480563,
  2.8791698645128685,
  2.8966537944667285,
  2.914041042658834,
  2.931402935547228,
  2.949504580788874,
  2.966836479417753,
  2.984607086925503,
  3.002065617472625,
  3.019141340566043,
  3.036636075779723,
  3.0546793293069276,
  3.0718918982388566,
  3.088896316696823,
  3.106773133439571,
  3.1235661288877186,
  3.141311417846737,
  3.158649624183756,
  3.17583111471714,
  3.193452574286967,
  3.209746559220499,
  3.2277820897561624,
  3.244553305103487,
  3.2613613039765084,
  3.2789257728063657,
  3.2958144581058555,
  3.31243738913022,
  3.329328153526611,
  3.3469363652575628,
  3.3635874657634783,
  3.3801005639256214,
  3.3973114137887075,
  3.413714843411906,
  3.430848770894213,
  3.4476239439346177,
  3.4639462091710533,
  3.4809131548122862,
  3.4976012515354253,
  3.513781151782686,
  3.5307436013869298,
  3.54672232779436,
  3.5637022791024044,
  3.579675067057117,
  3.5964044086037115,
  3.6124813872992423,
  3.6293121020098997,
  3.645116725889427,
  3.6618640147936126,
  3.6778637889001122,
  3.69372313894357,
  3.709857969464627,
  3.7263175568978535,
  3.742293116401699,
  3.757789249147287,
  3.7741773904389118,
  3.789590021782387,
  3.805901672960396,
  3.8217063885702114,
  3.837073015018998,
  3.853174371810764,
  3.8687010229985934,
  3.884093320615615,
  3.900127217181758,
  3.9153326036771947,
  3.9310321195068907,
  3.946162424670262,
  3.9619322653238704,
  3.9773761857654213,
  3.9927075095738482,
  4.007889384764381,
  4.02291548743799,
  4.038333847722262,
  4.053116037512217
 ],
 "test_loss": [
  0.703129991985535,
  0.5132059719112161,
  0.43909713291107083,
  0.4088221931343065,
  0.39863650852438626,
  0.40001602894412525,
  0.40586624092977286,
  0.41598318356318564,
  0.4278616967197128,
  0.4415451761810219,
  0.45592884598329725,
  0.47027723287428347,
  0.48384528823252687,
  0.4972142680851374,
  0.5088245676283542
 ],
 "valid_acc": [
  0.8608,
  0.8988,
  0.9114,
  0.9178,
  0.9202,
  0.925,
  0.9266,
  0.9282,
  0.9282,
  0.929,
  0.9298,
  0.9296,
  0.9282,
  0.9284,
  0.9284
 ],
 "train_acc": [
  0.8647,
  0.9139,
  0.93495,
  0.95135,
  0.9617,
  0.97055,
  0.9777,
  0.98225,
  0.98645,
  0.98945,
  0.9919,
  0.99375,
  0.99555,
  0.9966,
  0.99765
 ],
 "test_acc": [
  0.8262,
  0.8734,
  0.8888,
  0.8956,
  0.8984,
  0.9018,
  0.904,
  0.9052,
  0.9046,
  0.9042,
  0.9062,
  0.9064,
  0.9072,
  0.9054,
  0.9056
 ]
}