{
 "tag": "optm",
 "num_layers": [
  40,
  16,
  10
 ],
 "learning_rate": 0.01,
 "epochs": [
  20,
  40,
  60,
  80,
  100,
  120,
  140,
  160,
  180,
  200,
  220,
  240,
  260,
  280,
  300,
  320,
  340,
  360,
  380,
  400,
  420,
  440,
  460,
  480,
  500
 ],
 "train_loss": [
  6.961757613801292,
  6.958382488230985,
  6.951985085732287,
  6.942893941741603,
  6.931422068597555,
  6.917866212553652,
  6.902513297923836,
  6.8856725654343665,
  6.867655379940728,
  6.848760135387996,
  6.829287220217547,
  6.809458491280028,
  6.7894192439052,
  6.7692190740921525,
  6.748858477065186,
  6.728288573556676,
  6.707410606246721,
  6.686137720679621,
  6.664396531702413,
  6.642135710364374,
  6.619326973825003,
  6.595945364064788,
  6.57196806363541,
  6.547369954615343,
  6.522135135310823,
  6.496237129408999,
  6.469652726501765,
  6.442354529451421,
  6.414310553593715,
  6.385485249067999,
  6.355838007162591,
  6.325322345284326,
  6.293891786720329,
  6.261488977022356,
  6.228053137228882,
  6.193518872616491,
  6.15781820337001,
  6.120878010740673,
  6.082618899390811,
  6.042959503316192,
  6.00181347287031,
  5.959097589900997,
  5.914726294187608,
  5.868604705488635,
  5.820643105393498,
  5.770749257996134,
  5.718839009779652,
  5.664822978807783,
  5.60862637175171,
  5.550179471034484,
  5.489422184985014,
  5.426309331875323,
  5.360815364699722,
  5.292932581137446,
  5.2226807121429415,
  5.150109126389102,
  5.075298479547664,
  4.998367793473699,
  4.919479216677909,
  4.838838135238786,
  4.75669726403008,
  4.673359876989758,
  4.589181311950878,
  4.504565219416025,
  4.4199629205037825,
  4.335866294778231,
  4.252800372076514,
  4.171314213928092,
  4.091967919267466,
  4.0153190130234515,
  3.9419059712320337,
  3.872232902311575,
  3.806753209437658,
  3.745855526674415,
  3.6898478886052097,
  3.6389496564227435,
  3.5932830954573785,
  3.5528693607515356,
  3.517630496915667,
  3.4873941116464873,
  3.461903015364297,
  3.440827256438144,
  3.4237790402927253,
  3.4103289169379045,
  3.400024334851822,
  3.3924050715320337,
  3.387017120327918,
  3.383427860011881,
  3.3812357376786415,
  3.3800778473618633,
  3.379633870237227,
  3.379631040402815,
  3.3798447098527475,
  3.380095921979985,
  3.3802483926271405,
  3.380206448715961,
  3.379908064610644,
  3.3793213955903543,
  3.3784383719294877,
  3.3772699637481085,
  3.3758433358748294,
  3.37419443014142,
  3.3723655999369133,
  3.3704027427811516,
  3.3683522928560667,
  3.366258247096901,
  3.3641611627860337,
  3.362096959263803,
  3.360096373822887,
  3.358183678852735,
  3.356377947084443,
  3.3546924386556913,
  3.3531347437883707,
  3.3517081519580794,
  3.3504118038180106,
  3.3492413570122435,
  3.3481898997091943,
  3.347248358510646,
  3.3464063479173234,
  3.3456525163421063,
  3.3449751730905497,
  3.3443627071552258,
  3.3438039331154097,
  3.343288370643925,
  3.342806346412584,
  3.34234917882709,
  3.3419093858894104,
  3.341480501681809,
  3.341057135226069,
  3.340635089524678,
  3.340211098216128,
  3.339782635496742,
  3.339348100508807,
  3.338906502705328,
  3.338457445651444,
  3.3380009776028805,
  3.337537571017048,
  3.337067922901745,
  3.3365928844482378,
  3.336113407952614,
  3.3356304396225482,
  3.3351450089285164,
  3.3346580337420253,
  3.3341704605971683,
  3.3336830324922935,
  3.3331963762594436,
  3.332710958434669,
  3.332227224850312,
  3.3317454181532193,
  3.331265734659518,
  3.330788296326006,
  3.3303131029770174,
  3.3298401148333454,
  3.3293691659498768,
  3.328900078065246,
  3.328432668327107,
  3.3279667450504946,
  3.3275020185079645,
  3.327038300682523,
  3.32657531116186,
  3.3261128265411024,
  3.325650654813575,
  3.3251885915834443,
  3.324726470459228,
  3.324264134738252,
  3.323801436933053,
  3.3233382690295805,
  3.322874553585452,
  3.3224101771228103,
  3.321945089218534,
  3.3214792370655384,
  3.3210125741756893,
  3.320545124800812,
  3.3200769122269844,
  3.319607905473928,
  3.3191380675422564,
  3.3186674331255883,
  3.318195961092696,
  3.3177236494960405,
  3.3172504870501345,
  3.316776484820046,
  3.316301633819795,
  3.3158259598715314,
  3.3153494309775904,
  3.3148720201707236,
  3.3143937417693876,
  3.3139145968150414,
  3.3134345633444546,
  3.312953603910333,
  3.312471681413759,
  3.3119887928901117,
  3.3115048624080616,
  3.311019897504953,
  3.3105338559767357,
  3.3100467261486246,
  3.309558508172357,
  3.30906917614876,
  3.3085786974735014,
  3.3080870388085515,
  3.3075941847842465,
  3.307100115489339,
  3.3066047774278813,
  3.3061081656089986,
  3.3056102628535777,
  3.305111020838428,
  3.3046104542345547,
  3.304108503745338,
  3.303605169911066,
  3.3031004136724023,
  3.302594221888377,
  3.3020865915864785,
  3.301577493557561,
  3.301066864428764,
  3.300554729478376,
  3.300041050027781,
  3.2995257956344846,
  3.299008966069573,
  3.298490549465683,
  3.2979704808136043,
  3.2974487571298865,
  3.296925398519253,
  3.296400380771417,
  3.2958737122778237,
  3.2953453515720597,
  3.2948152913311035,
  3.2942835057867765,
  3.293749955069161,
  3.293214622122908,
  3.2926774705904873,
  3.2921384991855738,
  3.291597668910614,
  3.291054991057225,
  3.290510447250172,
  3.2899639508896317,
  3.289415483940318,
  3.2888650789557294,
  3.2883126808593786,
  3.287758247253798,
  3.2872017916265737,
  3.2866432409621678,
  3.2860826146020385,
  3.2855198947548256,
  3.2849550328726846,
  3.2843880318748826,
  3.283818882724573,
  3.283247552678113,
  3.2826740135268926,
  3.2820982078490046,
  3.2815201560277973,
  3.2809398486181722,
  3.280357225032867,
  3.279772258002651,
  3.279184921797712,
  3.278595196101687,
  3.2780030789620236,
  3.2774085474141805,
  3.2768115944208382,
  3.276212162567508,
  3.275610214934004,
  3.2750057556144374,
  3.274398755233935,
  3.273789205808712,
  3.2731770348554785,
  3.2725622310366695,
  3.2719448057910228,
  3.271324696911901,
  3.2707019081858375,
  3.270076411060233,
  3.2694481904000883,
  3.2688172554748207,
  3.2681835389885876,
  3.2675470504465007,
  3.266907738386915,
  3.2662655642953142,
  3.265620487601144,
  3.2649725076971476,
  3.2643216330400735,
  3.2636678502484355,
  3.263011105668478,
  3.262351381689615,
  3.2616886330861026,
  3.261022834477632,
  3.260353969865381,
  3.259682035022163,
  3.2590069563859276,
  3.2583287297178973,
  3.2576472836461243,
  3.2569626387654926,
  3.256274759363915,
  3.2555837049651926,
  3.2548894650735303,
  3.2541919865270392,
  3.2534912172530923,
  3.2527871271090665,
  3.2520796449305225,
  3.251368753338297,
  3.250654448508171,
  3.2499366562613137,
  3.2492153847238914,
  3.2484906319563387,
  3.247762340064912,
  3.247030426788879,
  3.246294894265131,
  3.245555729417899,
  3.244812904875786,
  3.244066381450363,
  3.2433161202366527,
  3.242562147614884,
  3.241804359382525,
  3.2410428019918105,
  3.2402774183718193,
  3.2395081994999373,
  3.2387350965543646,
  3.23795805368947,
  3.237177103899484,
  3.2363922464804906,
  3.235603447378,
  3.234810608948519,
  3.2340137300533764,
  3.2332128173287753,
  3.2324078289946208,
  3.231598745069576,
  3.230785524590214,
  3.2299681977581525,
  3.2291466606922845,
  3.228320863528751,
  3.2274907965769986,
  3.226656491268867,
  3.2258178855869653,
  3.2249749681639313,
  3.2241277059748903,
  3.2232761252249187,
  3.2224201530364467,
  3.2215597691961313,
  3.2206949893465238,
  3.219825737649837,
  3.2189519823125954,
  3.218073752670747,
  3.217190935963967,
  3.2163035887020435,
  3.2154117655936494,
  3.214515398735623,
  3.213614404009058,
  3.212708822200997,
  3.211798600834859,
  3.21088373063038,
  3.2099641632421507,
  3.2090399610789215,
  3.2081110333022735,
  3.2071774150923007,
  3.20623909019454,
  3.205296115214683,
  3.2043484232761448,
  3.20339588262684,
  3.2024386253040964,
  3.201476862073443,
  3.2005105375730545,
  3.199539606601919,
  3.1985639921592672,
  3.19758367125482,
