{
 "tag": "mn-128",
 "num_layers": [
  40,
  16,
  10
 ],
 "learning_rate": 0.01,
 "epochs": [
  20,
  40,
  60,
  80,
  100,
  120,
  140,
  160,
  180,
  200,
  220,
  240,
  260,
  280,
  300,
  320,
  340,
  360,
  380,
  400,
  420,
  440,
  460,
  480,
  500
 ],
 "train_loss": [
  3.2513206331496542,
  3.0594222331802348,
  2.6693104611502303,
  2.344975126387249,
  2.07538240549561,
  1.851336863202798,
  1.6777509913935034,
  1.5290092588378341,
  1.4087584945341585,
  1.308310312295211,
  1.220303081649202,
  1.1425970172943514,
  1.0726946169662708,
  1.0130818608647578,
  0.9638487087594809,
  0.9205401528219992,
  0.8835657522295575,
  0.850519357777623,
  0.8215490949935196,
  0.7933828134696641,
  0.765249676465273,
  0.7360881528642444,
  0.7083201568887008,
  0.6832874096679827,
  0.6585398451045232,
  0.6343361806814776,
  0.6106254812837344,
  0.5890407997750077,
  0.568093969772725,
  0.5479744649562162,
  0.5288968944629615,
  0.5118791613731157,
  0.4963934718837275,
  0.4818347205808493,
  0.4679618638133571,
  0.45538117715832355,
  0.442493736332741,
  0.43016188265035443,
  0.4181519025780157,
  0.40591730460606795,
  0.3936221889108079,
  0.38256786577172447,
  0.37197145091003336,
  0.3615634545494171,
  0.35204994677399315,
  0.3428473333642721,
  0.33449116712115706,
  0.32749352414854105,
  0.3197213796408011,
  0.3132637584461673,
  0.30686114854201385,
  0.30118144503076766,
  0.2944751068468997,
  0.288471361861808,
  0.2831956368531305,
  0.27827202723035577,
  0.2734927420940826,
  0.26908272573946707,
  0.26431317330185394,
  0.25998234297295764,
  0.25600089393539005,
  0.251513182676547,
  0.24731851343174954,
  0.24374356541999587,
  0.24050301032712812,
  0.23723229318307962,
  0.233602485974828,
  0.2300064086147729,
  0.22688549346669543,
  0.22371525262255382,
  0.22110026845485944,
  0.21859741625904305,
  0.21620996701219491,
  0.2135942822615725,
  0.21090414921916234,
  0.20841969016585077,
  0.20657701089436767,
  0.20385429180073025,
  0.2013752577483332,
  0.19915190984364362,
  0.19652701167635384,
  0.1943049202147153,
  0.19178109509069657,
  0.1897447781898315,
  0.18767346313498345,
  0.18531846839143298,
  0.1832913816719545,
  0.18167639723134144,
  0.18019879194994065,
  0.17828701802788088,
  0.17642797085926654,
  0.17529444780935627,
  0.17395080830098544,
  0.17222215957255704,
  0.17012515412554252,
  0.1687311678991169,
  0.1673847882719155,
  0.16502899033522805,
  0.16369705723648287,
  0.1619258724247633,
  0.160377176755862,
  0.1595602845142326,
  0.15737732321855796,
  0.15615472150339282,
  0.15477868589833416,
  0.1533577862162651,
  0.15225515737165096,
  0.15142910819952501,
  0.14975415488988925,
  0.14877509777429698,
  0.14757601635290524,
  0.1457511986496527,
  0.14478984204966172,
  0.14351363504121212,
  0.14209410500076136,
  0.1406230843769192,
  0.1392445594495512,
  0.13807109627239,
  0.13676800702327205,
  0.13589085415725144,
  0.13461233067872425,
  0.13322071352800957,
  0.1320776626527354,
  0.1311117362447195,
  0.12985713035046398,
  0.12821456174981918,
  0.12697794036430052,
  0.12553830067669713,
  0.12458341371454161,
  0.12338237227898687,
  0.12209913622658244,
  0.12091452116805261,
  0.11978955323961027,
  0.1184938884170914,
  0.11752100604393231,
  0.11610824771981695,
  0.11523916819211802,
  0.11388768481444678,
  0.11330277853365495,
  0.11222271329517391,
  0.11100977624008057,
  0.11044187186042993,
  0.10932406619963561,
  0.1081417606034533,
  0.10717166328819278,
  0.10651952819988517,
  0.10511125015427927,
  0.10470115599141525,
  0.10377909040481499,
  0.10321770165588078,
  0.10223364829592897,
  0.1012083790495899,
  0.10021658411705213,
  0.09986592710412649,
  0.0985308620129942,
  0.09803315502970752,
  0.09655984872745454,
  0.09570044727700285,
  0.09506819999519095,
  0.09381507412346993,
  0.09332660834124627,
  0.09308978723863406,
  0.09233084243512954,
  0.09178795133182427,
  0.09095021557499758,
  0.09027531345023225,
  0.0894641210247683,
  0.08889282107695409,
  0.08811644072729549,
  0.08782076163972394,
  0.08684789358139611,
  0.08637618501344654,
  0.0860536363054073,
  0.08526935152216548,
  0.08503162646064727,
  0.08456098586673454,
  0.08382825392561394,
  0.0836578470902106,
  0.08283798012986439,
  0.08240977009208922,
  0.08146799523869874,
  0.08106977279421439,
  0.08055569751213942,
  0.08012861710447859,
  0.07944099245377298,
  0.0787959570290031,
  0.0784803063748235,
  0.07761847952836248,
  0.07707735793531784,
  0.07660034509764913,
  0.07608598759174048,
  0.07564330771922607,
  0.07492857285132351,
  0.07458591328812582,
  0.07403000411367656,
  0.07391084331145369,
  0.07336234190882002,
  0.07299927110520477,
  0.07241617087477786,
  0.07208870118803568,
  0.07213736521249772,
  0.07125412584549004,
  0.07077681822730753,
  0.07075949257397476,
  0.0703963415190972,
  0.06939744655821459,
  0.06929342271914025,
  0.069051768952592,
  0.06831467534628333,
  0.06721141538831775,
  0.06720890855878962,
  0.0661964405985774,
  0.06590866104050928,
  0.06524080031301507,
  0.06459479197047817,
  0.06410711940494934,
  0.0636061569522412,
  0.0635164769910281,
  0.06265045873933472,
  0.06269078284554608,
  0.062312385145743686,
  0.06183088247098039,
  0.06173583794736097,
  0.060984252100566017,
  0.06073591012241473,
  0.06043516914702785,
  0.05991082608738178,
  0.05944444355538525,
  0.05883130904237249,
  0.05832832026863123,
  0.05776484712831886,
  0.05764280145483759,
  0.05703068596219299,
  0.05622605615936212,
  0.056111237790547774,
  0.05564221216831861,
  0.055387978723432325,
  0.05475016331880893,
  0.054533568564068755,
  0.05427572804103721,
  0.05422667523984889,
  0.0533811697555391,
  0.05336876329394857,
  0.05298064014323452,
  0.05193020494424143,
  0.052147174488098066,
  0.05164255760692489,
  0.05098577719472596,
  0.05085940353261939,
  0.04999026747375167,
  0.049769742395194445,
  0.0491562619171655,
  0.04892625593343218,
  0.04869914212509908,
  0.04792638419320848,
  0.047737883343090065,
  0.047424201247878855,
  0.047268918432905135,
  0.046416790814674966,
  0.046662586238771966,
  0.046439659591775304,
  0.04609857078862645,
  0.04536490348188861,
  0.04571764592256257,
  0.04477698746472519,
  0.044621291357161696,
  0.04508799192367239,
  0.04411447059513811,
  0.04398932673902421,
  0.04379326831423075,
  0.04303319951965763,
  0.043125269409491206,
  0.042305014978897784,
  0.04266545462417319,
  0.042094914908595335,
  0.0414999034806619,
  0.04197786450923202,
  0.04115633226682039,
  0.04070493232613981,
  0.040624253599200036,
  0.04002424595095473,
  0.04056714460838999,
  0.03966320640678722,
  0.03971378941052898,
  0.03891653985105237,
  0.03909832367024848,
  0.03834578139778612,
  0.03850779627970194,
  0.038062453097977206,
  0.03739360726541094,
  0.03718198594841375,
  0.03721323671688885,
  0.03681150735661855,
  0.036183656416426915,
  0.03613144771343968,
  0.03609874631554992,
  0.03570610858089253,
  0.035382217285058554,
  0.03546083691565506,
  0.03468084374364379,
  0.034191469096323854,
  0.03470594549385887,
  0.033874408527924574,
  0.03379516350310206,
  0.03362431516741244,
  0.033141968349055806,
  0.032895003541369275,
  0.032847511547795666,
  0.03255893503851993,
  0.03211872178963425,
  0.03172180760018141,
  0.03167416215269594,
  0.031232173971742987,
  0.030924378971093798,
  0.030716503671426056,
  0.030326689820329773,
  0.029693766870479265,
  0.02964931736328657,
  0.029326983095898124,
  0.02931986850864256,
  0.028997237275213042,
  0.028533962655825827,
  0.028426935322649418,
  0.02805193477229872,
  0.02796494697096493,
  0.027544992587715228,
  0.027233924375717554,
  0.027255549671069128,
  0.02690797126680174,
  0.026628133268868308,
  0.026324121942421785,
  0.025974425892961832,
  0.025648209093904015,
  0.02572002507728793,
  0.025550164728351633,
  0.02525335048475376,
  0.025017606279305164,
