{
 "tag": "base_mn_100-2",
 "num_layers": [
  40,
  16,
  10
 ],
 "learning_rate": 0.01,
 "epochs": [
  20,
  40,
  60,
  80,
  100,
  120,
  140,
  160,
  180,
  200
 ],
 "train_loss": [
  3.266129265964536,
  2.973312299317965,
  2.4712466696918742,
  2.075605069935691,
  1.7419789711376263,
  1.5027234325205225,
  1.331973348767265,
  1.21157929840997,
  1.1230559967650133,
  1.0562946736204348,
  1.002168839856652,
  0.9567631120727864,
  0.9172864901598958,
  0.8828868958940932,
  0.8517355315724313,
  0.8228182584024873,
  0.7967872348453633,
  0.7742185142684712,
  0.7526531852356763,
  0.7327076275091433,
  0.7142638969839824,
  0.6976381662800837,
  0.681826054355809,
  0.6659859558520046,
  0.6506862667922743,
  0.6364009097130112,
  0.6228443437364823,
  0.6097420867625789,
  0.596707311088677,
  0.5839671377949593,
  0.5711519160829772,
  0.5586593618251341,
  0.5469000578351476,
  0.5354252570695138,
  0.5243329770922078,
  0.5133934459204632,
  0.5017821729547285,
  0.4893129273694435,
  0.4768923077510866,
  0.46548862258254337,
  0.4548702875994725,
  0.4438790849606744,
  0.4341080934525372,
  0.42462089502194933,
  0.41538915376337904,
  0.4066652628311639,
  0.3978543204456232,
  0.38947290885958863,
  0.3812807400268222,
  0.3735342871818148,
  0.36597508766284714,
  0.358784122531147,
  0.3517056792827411,
  0.3448252160175472,
  0.3383318431257293,
  0.3321607654777035,
  0.3261398784008618,
  0.3201895653413609,
  0.3145653868704657,
  0.3086705655732969,
  0.30299792728108577,
  0.2975369869052594,
  0.2927272236576576,
  0.2877443924050702,
  0.2835149503358131,
  0.27910635698532626,
  0.2751385497378938,
  0.27145921624601876,
  0.26793706501390213,
  0.2641374565495255,
  0.2609003548041121,
  0.25785981714873324,
  0.2547982626893346,
  0.25185502509641616,
  0.24924040469807424,
  0.24654695436620022,
  0.24372099990188886,
  0.2411103725959141,
  0.23864328235611093,
  0.23647811656136736,
  0.23417624493629274,
  0.2317322561188198,
  0.22969770719205335,
  0.22821694250067115,
  0.2259117820095748,
  0.22412684841435676,
  0.2215033554492969,
  0.21970476771795439,
  0.21767852342466837,
  0.21613665554732486,
  0.21431169127817074,
  0.21180402489281408,
  0.2103142713907757,
  0.20899125248847333,
  0.20733750000552906,
  0.20547379230337603,
  0.20374943818722915,
  0.20244726936520846,
  0.200529080670164,
  0.19887503320153266,
  0.19663781124367413,
  0.19481195448286193,
  0.19309707293542205,
  0.19201815033607084,
  0.18994833079918116,
  0.1882812191695667,
  0.18638680198976307,
  0.18484756840918234,
  0.18316833881243977,
  0.18149390670608587,
  0.17997273520455215,
  0.17843789119973485,
  0.17638436931200713,
  0.17499129666692217,
  0.17344379674305535,
  0.17126628042613026,
  0.17005309032706034,
  0.16824823024621077,
  0.16682649282185197,
  0.16467909602202865,
  0.16347273520442973,
  0.1617463908032156,
  0.16048354154811073,
  0.15899936484253374,
  0.15766964676184703,
  0.15600725700021234,
  0.15434211934573044,
  0.1529647132602112,
  0.1513781626418786,
  0.1494459447125018,
  0.1484502874726399,
  0.14678015944877887,
  0.14575605652762005,
  0.14452449012508561,
  0.1435488665403753,
  0.14206862761728062,
  0.14126883367845908,
  0.1395138890270453,
  0.13888336065757528,
  0.13769251899767054,
  0.1367496487239659,
  0.1358389113016555,
  0.13470498766802463,
  0.13367796353137829,
  0.13298349814252788,
  0.1316321446314324,
  0.13005539269943153,
  0.12916371398546456,
  0.1279478552820083,
  0.12736450665523597,
  0.1257062882647966,
  0.12488416028732657,
  0.1241337237717289,
  0.12278858425933856,
  0.12144551366460866,
  0.1202496737372681,
  0.11920969864197128,
  0.11888724833070229,
  0.11789172741669557,
  0.11707643966927368,
  0.11625264923314585,
  0.11512036834547046,
  0.114528056499946,
  0.11341561518731476,
  0.11247413141128723,
  0.11133089280435166,
  0.11092663920610879,
  0.11021088509528174,
  0.1090888553095525,
  0.10866111029614636,
  0.1076663889734357,
  0.1073877036173626,
  0.10661208753229601,
  0.1053009538062423,
  0.10505393732522719,
  0.10434514882254116,
  0.10344952368908873,
  0.10311310993935183,
  0.1020190129250089,
  0.10125807558404146,
  0.10084723275553566,
  0.09921288014980102,
  0.09895990295816276,
  0.09834777824219924,
  0.09788158426029175,
  0.09712665831274149,
  0.09595899027178556,
  0.09561902432844333,
  0.0952246863872794,
  0.0941712875953434,
  0.09386883046700464,
  0.09320628923977488,
  0.09245526114584428,
  0.09208975452583268,
  0.0915268693088854,
  0.09115266395896733,
  0.09049289741932964,
  0.0902805573328066,
  0.08961016040635075,
  0.0897148246532811
 ],
 "test_loss": [
  0.7911122173325683,
  0.5834589047454068,
  0.48957140226272,
  0.4402857783471035,
  0.4086113825876268,
  0.3892322045863789,
  0.37880951234463284,
  0.3743087832209608,
  0.373587381243414,
  0.37593327146667366
 ],
 "valid_acc": [
  0.84,
  0.8834,
  0.901,
  0.9094,
  0.916,
  0.9208,
  0.9256,
  0.928,
  0.9294,
  0.9302
 ],
 "train_acc": [
  0.84415,
  0.89595,
  0.925,
  0.93915,
  0.9488,
  0.9568,
  0.964,
  0.9696,
  0.97495,
  0.9787
 ],
 "test_acc": [
  0.7992,
  0.857,
  0.8788,
  0.8926,
  0.9014,
  0.908,
  0.908,
  0.9108,
  0.9124,
  0.9152
 ]
}