{
 "tag": "optm",
 "num_layers": [
  40,
  16,
  10
 ],
 "learning_rate": 0.01,
 "epochs": [
  20,
  40,
  60,
  80,
  100,
  120,
  140,
  160,
  180,
  200,
  220,
  240,
  260,
  280,
  300,
  320,
  340,
  360,
  380,
  400,
  420,
  440,
  460,
  480,
  500
 ],
 "train_loss": [
  6.91560941287486,
  6.091961359660962,
  5.249805186266722,
  4.567214520486167,
  4.136335724434923,
  3.950742213754631,
  3.879520043047185,
  3.7739553824459366,
  3.5881898349320465,
  3.3697673060797824,
  3.2045563307945044,
  3.1288074766410867,
  3.0839033974205043,
  3.034424905384837,
  2.9639272239042977,
  2.8716892746259703,
  2.775266240987019,
  2.700976089497573,
  2.6586878404248786,
  2.634061024990546,
  2.6029303082719983,
  2.5498259316681984,
  2.4770052975990025,
  2.3996628456171214,
  2.330758536376669,
  2.2727021736358597,
  2.223456667411361,
  2.1789993332647617,
  2.135119772640223,
  2.091661485282961,
  2.052714086663737,
  2.019055759090702,
  1.9856365548741488,
  1.947398849405274,
  1.9052239783510374,
  1.8631662966017477,
  1.82400494394264,
  1.7863596494669363,
  1.7469233988392758,
  1.704611051543121,
  1.6626130307109384,
  1.6251392218453171,
  1.5900522990553103,
  1.5511921380236726,
  1.508370461825599,
  1.466921009101664,
  1.429649414877152,
  1.394630192244276,
  1.360753242897619,
  1.3298208985169628,
  1.302496480483339,
  1.2771063711401138,
  1.2542437909653257,
  1.233451914043947,
  1.211373446256334,
  1.1904585673783918,
  1.171083544953399,
  1.1494760882893271,
  1.1288736307309901,
  1.109963665762227,
  1.089445457912043,
  1.0688932526052668,
  1.0495618404985125,
  1.0319269311284414,
  1.0160637239480577,
  1.0002757483567055,
  0.9847933986562827,
  0.9685226190141766,
  0.952109271711115,
  0.9364437418554628,
  0.9205882782065598,
  0.9052899833285659,
  0.8902566334837018,
  0.8751968239399347,
  0.8613046312261543,
  0.8481237236325347,
  0.8354576829443748,
  0.823334919100137,
  0.810784547281066,
  0.798238702952308,
  0.785432160338813,
  0.7729513900349955,
  0.7605685280723362,
  0.7482902896035034,
  0.736366400447616,
  0.7245107321441483,
  0.7127862167624432,
  0.7012895970182547,
  0.6898757229555774,
  0.6784991274068536,
  0.6671795945512937,
  0.655836009068644,
  0.644646641879545,
  0.6334773390511169,
  0.6222657722104905,
  0.6109651248902422,
  0.5998403107885332,
  0.5890390572374884,
  0.5783877650097294,
  0.5678764755554858,
  0.5574856102674818,
  0.5474017827737914,
  0.5375445902608575,
  0.5277700185978621,
  0.5181467773918297,
  0.5087222568739557,
  0.49958819167501317,
  0.49061425467845027,
  0.4818432748894179,
  0.47317710857379464,
  0.46458706651300374,
  0.4561419246277234,
  0.4477986384451271,
  0.4395597892721121,
  0.4314949335751053,
  0.42358321806418175,
  0.41586166010065834,
  0.4084908586603099,
  0.4015750399941556,
  0.39466163323881853,
  0.38741854623246347,
  0.38088500147501864,
  0.3746050869432616,
  0.367794794951294,
  0.36135049394005836,
  0.3551184492391195,
  0.348705017957125,
  0.34247572663699294,
  0.3364415713839323,
  0.33050569214952596,
  0.3245577398496072,
  0.3186767410894301,
  0.3130761410007382,
  0.30741512787616077,
  0.30186781720599476,
  0.29639782102870754,
  0.2910203723032243,
  0.2858450505792923,
  0.28078662366610546,
  0.27597988242399824,
  0.27127317937570794,
  0.2666104833804048,
  0.2619528880665645,
  0.25757615101422726,
  0.2534647594197022,
  0.2492874502525003,
  0.2451976813956796,
  0.24118045400610374,
  0.2371267096033327,
  0.23343206645981307,
  0.22974020202764314,
  0.22604044428982048,
  0.2224814419386312,
  0.2187334910035675,
  0.2151888794637064,
  0.21171665925567257,
  0.20832416572738502,
  0.20513096161440733,
  0.2021362356586545,
  0.19894339169152558,
  0.19550924494396782,
  0.19239004927920916,
  0.18963281450138167,
  0.18666481341778413,
  0.18375534238297164,
  0.1807357761425215,
  0.1778349554998671,
  0.17517907716551429,
  0.17222097371628187,
  0.16960151259014022,
  0.16686590228253556,
  0.16410379928291896,
  0.1616249745667279,
  0.15886389773057,
  0.15628322500964076,
  0.1538095779363447,
  0.15124737098289723,
  0.14874157556603465,
  0.14636185147889924,
  0.14406853275694406,
  0.1423177088819304,
  0.14067078976933367,
  0.1377746401897308,
  0.13550477790819604,
  0.13399266711862448,
  0.13223642623897863,
  0.12954438624490192,
  0.1282533914207924,
  0.12636228752488188,
  0.12434568086521658,
  0.12250955217087658,
  0.12113537684663732,
  0.11923850840088913,
  0.11715148693032937,
  0.11580486662242608,
  0.11413986996813366,
  0.11231929778847691,
  0.11064683251825944,
  0.10895418870144961,
  0.10766733806693606,
  0.1057251151127558,
  0.10430218739019971,
  0.10259504362533783,
  0.10098917034112306,
  0.099601047435847,
  0.0980035993826169,
  0.09678155074020167,
  0.09557547701364022,
  0.09433014204804098,
  0.0929577139817401,
  0.09116126787325024,
  0.08997487273858587,
  0.08921940671301638,
  0.08766746603536284,
  0.0863015206326473,
  0.08506879217420919,
  0.08430646734415108,
  0.08281073261361246,
  0.0815282129994678,
  0.08061041279906017,
  0.07937519608988391,
  0.07853417408314707,
  0.07711208257054009,
  0.07618671623425086,
  0.07487473300695378,
  0.07401066885870129,
  0.07300308692726701,
  0.0723365490261514,
  0.07106454565027179,
  0.07007005001741791,
  0.06875915657770346,
  0.06798391855243713,
  0.06694426412173249,
  0.06611184545077209,
  0.06522290949263518,
  0.06429170264498978,
  0.0631482594331171,
  0.062208962806337864,
  0.06146263108175268,
  0.06044683656932881,
  0.05968634981619229,
  0.058496475687396896,
  0.05780732479136609,
  0.05696009667519786,
  0.05629354309618557,
  0.05564524132130715,
  0.05541174415051075,
  0.05551710463118889,
  0.05374167571675235,
  0.052648709671958276,
  0.05290941809608384,
  0.051135328006837004,
  0.051015544611328935,
  0.050224542447741605,
  0.04939466185282679,
  0.04883610457493899,
  0.04800449766852154,
  0.04765277638114675,
  0.046580023611059486,
  0.0464456669779245,
  0.045485610541653926,
  0.04489198504820183,
  0.04431291185693045,
  0.04368578296939421,
  0.04306094692050332,
  0.042558096138429355,
  0.041722943271686165,
  0.041277902292595876,
  0.040589281041068646,
  0.04000316770411156,
  0.039517455208032314,
  0.03911787630273011,
  0.038997417367057516,
  0.03877617956724584,
  0.037744163106621265,
  0.03664721730415778,
  0.036876657264768346,
  0.036075987979801986,
  0.03530160198303089,
  0.035097509578780196,
  0.034454104006903886,
  0.03402983742523671,
  0.03344698546991212,
  0.032922347831370484,
  0.03262649888744783,
  0.03214910488160679,
  0.03150677370108413,
  0.03117970814564978,
  0.03062465428111403,
  0.030151573699834948,
  0.02976406876929706,
  0.02935874396574304,
  0.029099576289818525,
  0.0290086424361591,
  0.029065931723196006,
  0.02800498389682245,
  0.027309536429870246,
  0.0273367214900166,
  0.027004969544409174,
  0.02613556433793699,
  0.026267573215499346,
  0.025646710448238474,
  0.025334014974082775,
  0.024939473033093035,
  0.02464593806425927,
  0.02407738096249855,
  0.023941680887764608,
  0.023456261446334312,
  0.02309864709369924,
  0.022756305340332912,
  0.022526075124130154,
  0.022063060550209398,
  0.021732598896104103,
  0.021605356674211085,
  0.021406189194440817,
  0.021597336744199815,
  0.02132735657332194,
  0.020287972906780645,
  0.02019463375455372,
  0.02019437842811243,
  0.019348996159858214,
  0.019390611986633915,
  0.018916788511030153,
  0.01873181076708952,
  0.01830675766657131,
  0.01800474038891255,
  0.017649767945670997,
  0.017515501260162297,
  0.017060354999739624,
  0.016796648186497135,
  0.01655277317276642,
  0.016143029740568453,
  0.015926942300024234,
  0.01564434205840496,
  0.015263210086476096,
  0.015003858419738024,
  0.014820738089219557,
  0.014482910209427016,
  0.014293312762402442,
  0.014598924743834537,
  0.015034395361084708,
