{
 "tag": "optm",
 "num_layers": [
  40,
  16,
  10
 ],
 "learning_rate": 0.01,
 "epochs": [
  20,
  40,
  60,
  80,
  100,
  120,
  140,
  160,
  180,
  200,
  220,
  240,
  260,
  280,
  300,
  320,
  340,
  360,
  380,
  400,
  420,
  440,
  460,
  480,
  500
 ],
 "train_loss": [
  0.4338609822095365,
  0.3401654574632325,
  0.21580458013165726,
  0.48738885670459087,
  0.6730974967182812,
  0.7659790316103653,
  0.6791731676689372,
  0.8466752683726204,
  0.7172900797613262,
  0.681743115547935,
  0.4624767984600446,
  0.656729089135087,
  0.6224708473973504,
  0.5581637322770581,
  0.8174773619174339,
  0.3569462237825144,
  0.45686925470599316,
  0.1681952658571546,
  0.3518981641846039,
  0.326835337743527,
  0.17551252150665902,
  0.7018061756679725,
  0.10556708363300145,
  0.13671275503407201,
  0.27532335877464426,
  0.33846129242186357,
  0.23027318075016323,
  0.05082798871638058,
  0.05994451091040354,
  1.0561434471596818,
  0.08984015055405964,
  0.15033302128954323,
  0.12577680987525136,
  0.0707652316343648,
  0.2619432490737767,
  0.14047006819882052,
  0.05404237381153143,
  0.015916490626953095,
  0.018163756398868112,
  0.021043758739328393,
  0.11609123895315727,
  0.29672774339085445,
  0.03826752528780269,
  0.022808064883397417,
  0.2130125650157486,
  0.5987121879967362,
  0.25819637630168,
  0.017103192708289038,
  0.047737091881006,
  0.3644666468079798,
  0.17387470731862897,
  0.32958336914580616,
  0.1183990444410876,
  0.05103275676816982,
  0.11090426883917134,
  0.04473617805653331,
  0.19767391919903426,
  0.4142341169483158,
  0.22487907737581506,
  0.12348454015101121,
  0.8024323419529933,
  0.0034940286037653204,
  0.5760348385661093,
  0.1399978641907664,
  0.5409152932744326,
  0.06760101828956193,
  0.3697022065224784,
  1.1836040158655543,
  0.021376153094151754,
  0.07095664623775558,
  0.14122984111662315,
  0.19412303640279668,
  0.10098985126122031,
  0.2559833861210751,
  0.7507041162276916,
  0.07332592569908844,
  0.014915719552559853,
  0.0018496092519552105,
  0.994623127857607,
  0.07556214270669984,
  0.07602906292578496,
  0.002810035031309204,
  0.1078991714158174,
  0.0030300665199481233,
  0.07650982976654808,
  0.007545974339421488,
  0.189596222642941,
  0.00014174856738064377,
  0.001801043489805304,
  0.0011226807177811572,
  0.1428680842267552,
  0.6376990734501641,
  0.11735308419812485,
  0.611575717694155,
  0.6138627611204632,
  0.001168196468358583,
  0.009794924405268872,
  0.11137966385672571,
  0.007647526499653013,
  1.199163213979379,
  0.07502544415101547,
  3.598764104082959e-05,
  0.1330146256451602,
  0.0498764622228933,
  0.8559572517454725,
  0.00562932607219436,
  0.06304547062862711,
  0.04532575367512663,
  0.606899869234112,
  0.21924323633103943,
  0.5683290180797516,
  0.00012010847938168944,
  0.11345570252669414,
  0.06261727459357881,
  1.3962910003213405,
  1.8982098838647308,
  0.6759547692831385,
  0.6468966725952827,
  1.8367545540861003,
  0.00154811394614989,
  0.13093687643110877,
  0.08730267257399893,
  0.7155320543374635,
  0.5686768454149513,
  0.07196081063675885,
  0.07570137028638543,
  1.8720757370283834,
  1.1430199614737386,
  0.041278827582328426,
  0.06550899730834087,
  0.017923081909214097,
  0.006612983756019875,
  0.09527960954941077,
  0.017152510081666496,
  5.473630462510862e-06,
  0.012688114890450445,
  6.208873392053386e-05,
  0.07664013698111441,
  3.170383630070126e-05,
  0.0007678697195997783,
  0.0001443988034125582,
  0.7687136719363356,
  0.07265604981080802,
  0.06801420922456985,
  0.07427108438745389,
  0.015081865154681648,
  0.00024298159828098112,
  8.589932938150678e-06,
  0.12618453105795086,
  2.4086611485848963,
  8.947049472929099e-05,
  0.06270870402434886,
  0.026673058315441332,
  0.0006786067194634491,
  0.12045124351010471,
  0.12471952131199181,
  1.6140950900801665,
  2.3265580941192092e-07,
  0.8568354076905598,
  5.961025734981128e-06,
  0.7844778650092283,
  0.5757716472992401,
  0.29948754401071925,
  0.09013719710618065,
  0.0035143203796506165,
  0.05902198004835796,
  0.00010412430595933712,
  2.8461076870282123e-06,
  0.0654285410464134,
  0.20942461342850333,
  0.06307132132040821,
  7.178737901150089e-05,
  0.0006744291447681346,
  6.6372005171059865e-06,
  0.06903973570266198,
  3.6820143521927805e-06,
  0.001360611419802306,
  0.07367934591196154,
  0.058353985554918955,
  6.107605403882758e-05,
  1.1498210216835925,
  1.735561434362847e-05,
  0.0004326528790695098,
  0.06902285835992919,
  0.00018943254942410833,
  8.36932448864724e-06,
  0.27873034490439885,
  1.839670586444778e-05,
  1.0631327537183845e-05,
  0.5513655010953824,
  0.5786530601488911,
  3.0123916534965296e-05,
  0.18260705738282798,
  2.3139777004663613e-07,
  0.06822224892520957,
  0.06766014524110976,
  0.008786202759270579,
  1.8080366492101052,
  3.3186133924943858e-06,
  5.08976073864898e-05,
  0.00014474007247824804,
  0.13639044265264677,
  1.3228738777239368,
  0.06815126899601305,
  0.00011894023290343441,
  0.0003400519533270286,
  0.07288414995406008,
  0.0714610536553104,
  9.246075246480509e-07,
  0.06956611567520771,
  0.09399220547209877,
  0.010930145591785703,
  8.104904453817743e-06,
  1.0066685742474687e-05,
  0.0005538312693154954,
  0.056441846378621444,
  4.072529239583214e-05,
  0.5756477017900973,
  0.5765922485171477,
  0.5756463732767361,
  1.1149660164153596,
  0.06710307924099747,
  1.5175179525952158e-05,
  0.6224362131334409,
  0.5825652859202067,
  1.7940562925321855,
  0.6789179048534646,
  0.04438630598436576,
  0.04651520168346384,
  1.2253467304928378,
  2.8139035199061065e-07,
  3.36795146438012e-05,
  0.06628227999439287,
  0.06250685645490067,
  0.06367681278422359,
  3.5710027181316858e-06,
  0.28289250392226134,
  0.03884824033084299,
  0.00012465329609404377,
  0.05732472594989366,
  0.0016392055201953871,
  0.0011527017248816542,
  0.014435637006794571,
  0.0012992239572606824,
  0.0004510688844593353,
  0.06456679069854279,
  1.6151191511553078e-05,
  1.4604187174590653,
  0.06919313759735225,
  0.07238221295007691,
  0.07308231197377463,
  0.002151495627817338,
  0.022431867238742603,
  0.018106402157904374,
  -3.19133831075382e-08,
  9.475421644774647e-06,
  2.1404384330695918e-08,
  0.5803830291317951,
  0.00015918934492208144,
  0.5125430727304833,
  1.6160495975073218e-05,
  0.001874438928636894,
  0.03390737017184699,
  0.0019050360280655062,
  0.00014034976035971533,
  0.0003712237535839414,
  -3.6477300459550234e-08,
  0.0008240429128820138,
  0.5154639848212363,
  9.957699552600177e-06,
  3.2321556450171784e-07,
  1.0793705135373441,
  4.45057365151014e-05,
  0.23197500857566433,
  7.940520145768613e-08,
  4.787992942404688e-06,
  -9.899818193413825e-08,
  1.016010990800658,
  0.06808075251385437,
  0.6474225549847257,
  0.06631324763809145,
  0.25228791623153074,
  0.00873041522313437,
  -9.966729657808458e-08,
  1.3854022220237033e-06,
  0.6391945382191744,
  0.06736693854195328,
  0.00015395923869248386,
  1.2956543935002915e-06,
  0.06788924961666752,
  7.736703165435061e-07,
  5.57423811248521e-06,
  1.5314838079410158,
  8.90539299659946e-05,
  2.9317471548512562e-05,
  3.3206625940993633e-07,
  2.3031677267222004,
  1.4255628681812374e-05,
  2.25536191213104e-05,
  2.820790999987629,
  1.26460041942957,
  1.1521164897995952,
  0.025203117674763603,
  0.07496216395903756,
  0.07720902865408406,
  0.7485350455194952,
  0.08202446520476318,
  1.228319181890978,
  0.6797921856448809,
  0.06946774280515108,
  0.07186014532974995,
  0.016644467537970085,
  0.7243104417623927,
  -7.90664456741999e-08,
  0.1997503832070838,
  -6.218915165486798e-08,
  0.4960973009674202,
  0.07401429763660294,
  0.26564287300514966,
  0.06583811001430478,
  0.014896418084222023,
  0.006091841770524936,
  0.4349174163711379,
  0.0008415924315143699,
  2.0185835838983623e-07,
  2.943493260602732e-07,
  0.07915351077802732,
  0.07599023490203446,
  0.0787560408880088,
  0.07778724796306653,
