{
 "tag": "optm",
 "num_layers": [
  40,
  16,
  10
 ],
 "learning_rate": 0.01,
 "epochs": [
  20,
  40,
  60,
  80,
  100
 ],
 "train_loss": [
  0.4387158876731641,
  0.323043170074084,
  0.3934261127551109,
  0.18161481215382574,
  0.1735458470467818,
  0.15510823485865605,
  0.12609391936370715,
  0.08092500612790296,
  0.05974590110939462,
  0.059282444400164135,
  0.1882357217332748,
  0.0296074527642019,
  0.0810939844970175,
  0.10214924041291504,
  0.03186606409764402,
  0.08602190912437713,
  0.10690816195024527,
  0.027702328391831295,
  0.026230137735448245,
  0.0068032361355732,
  0.08221659436465915,
  0.1203476200626718,
  0.10963383301754961,
  0.03055644410444815,
  0.019534973401348167,
  0.04107222382276493,
  0.054482832265760776,
  0.5022962391409533,
  0.24528586677760017,
  0.053340408405925285,
  0.0009391104197280127,
  0.0023014909936198476,
  0.0031102241304210958,
  0.034473101271319244,
  0.026234580259443138,
  0.0019303642178725641,
  0.4050626640672491,
  0.00032725966939257646,
  0.32277489793405745,
  0.0013167048789750444,
  0.0003255924824957378,
  0.13704054978647567,
  0.020589722078373826,
  0.011010531678341599,
  0.16710155715192182,
  0.10248154482574727,
  0.005872021884301582,
  8.648282709005002e-05,
  0.007985876830203074,
  0.07897389713217522,
  0.0008175462879283895,
  0.005845940183908091,
  0.006282882530159093,
  0.1441504721927886,
  0.003924340214921875,
  8.143106268889648e-06,
  1.9677297094844082e-05,
  0.004075785779227326,
  0.0006161493332014679,
  0.0028408213479173823,
  0.003007903301701709,
  0.0028686662072750285,
  0.0008182627170187297,
  0.03934068042345267,
  0.0699867951573878,
  0.014661801961380914,
  0.003460161046785018,
  0.002396644232297465,
  0.026729315058577046,
  0.005196291886770979,
  5.044057379517301e-05,
  0.0025942350300735867,
  0.029171160816590002,
  2.761412174707596e-05,
  0.0005847196010549899,
  0.03272203300076744,
  0.032634578372539844,
  0.003530866526255133,
  0.00015678629794088058,
  0.005011135843257352,
  0.00015351677520137632,
  0.00040397180794813107,
  0.0009370016924032038,
  0.012854032822625646,
  2.5862788103318205e-05,
  0.006596792355688494,
  0.10087288378197302,
  0.0003303496049975515,
  0.38368770331213153,
  0.001314153659282644,
  2.7629174486966138e-05,
  0.001724845618666305,
  0.00012790998060918925,
  0.033740958213324686,
  0.00034099170764754876,
  0.005935862807802184,
  9.06019536548582e-06,
  0.012505474534457625,
  9.921670093465581e-05,
  0.0033159637367346528
 ],
 "test_loss": [
  0.7252703257752471,
  1.2751195109255242,
  1.4630656211591733,
  1.682637532861771,
  1.8392787523704708
 ],
 "valid_acc": [
  0.926,
  0.923,
  0.9258,
  0.9262,
  0.9228
 ],
 "train_acc": [
  0.9656,
  0.9737,
  0.98015,
  0.98325,
  0.98475
 ],
 "test_acc": [
  0.9068,
  0.9036,
  0.9072,
  0.9036,
  0.906
 ]
}